drop database if exists `MUSIC STREAMING`;
create database  if not exists `MUSIC STREAMING`;

use `MUSIC STREAMING`;

drop table if exists `user`;
create table if not exists `USER` (
id_user int primary key auto_increment not null unique,
login char(55) not null unique,
passw char(255) not null
);

INSERT INTO `user` (`id_user`, `login`, `passw`) VALUES (1, 'moen.coy', 'c0e2d8bf2ad3458146321b9b93ee2f2a22ad4688');
INSERT INTO `user` (`id_user`, `login`, `passw`) VALUES (2, 'jbednar', 'ce53563bc662676f7e3b4e1e8301a346698d12a6');
INSERT INTO `user` (`id_user`, `login`, `passw`) VALUES (3, 'tillman.watsica', 'a3e00ba6b559a3f165bb52d5f9d3d287f731cf53');
INSERT INTO `user` (`id_user`, `login`, `passw`) VALUES (4, 'lorenz.rogahn', '6835a7f8278ed450b170ce70b65b440e29dae03f');
INSERT INTO `user` (`id_user`, `login`, `passw`) VALUES (5, 'auer.taryn', '0e2db8305570cca685fa32e4dabfcceef63fe5ce');
INSERT INTO `user` (`id_user`, `login`, `passw`) VALUES (6, 'cloyd.balistreri', '6f523c4bfc817503f697bcf69fe0f74a57372aae');
INSERT INTO `user` (`id_user`, `login`, `passw`) VALUES (7, 'amills', 'f0aabb9d0ac1d1625178e34979eab505e7adeee3');
INSERT INTO `user` (`id_user`, `login`, `passw`) VALUES (8, 'ubaldo64', 'cadacc424ac060361fa9a47a4d6fe0cdb36bf03f');
INSERT INTO `user` (`id_user`, `login`, `passw`) VALUES (9, 'lucienne.lakin', '82bf326aeddc544b2fe713e91532726105ae77a3');
INSERT INTO `user` (`id_user`, `login`, `passw`) VALUES (10, 'waters.nakia', '8406f574468c34e2ed949d7b5c8a7b8b43eefa9c');
INSERT INTO `user` (`id_user`, `login`, `passw`) VALUES (11, 'aschaefer', '51bc1d990719cefff8df6bcd77aafb53bf5bf050');
INSERT INTO `user` (`id_user`, `login`, `passw`) VALUES (12, 'kaycee.abernathy', '5a4098941183ce1342b49ba30aca509d1d40840a');
INSERT INTO `user` (`id_user`, `login`, `passw`) VALUES (13, 'darius95', 'db2dd4cc273aecd405bbca289ddc84d6a06d82c8');
INSERT INTO `user` (`id_user`, `login`, `passw`) VALUES (14, 'felton.stiedemann', '9556761c11e0fe515586368cbd4de66749341c43');
INSERT INTO `user` (`id_user`, `login`, `passw`) VALUES (15, 'dickens.rosemary', '317de775ead857666463a3f5f8c0ef33433f27e7');
INSERT INTO `user` (`id_user`, `login`, `passw`) VALUES (16, 'wmarquardt', '6430dbe40bf485fd39f306cdce2a3fb13fed2d40');
INSERT INTO `user` (`id_user`, `login`, `passw`) VALUES (17, 'gennaro.gerlach', 'c7fb7174d89dd9b77e571478b15a16f95503be82');
INSERT INTO `user` (`id_user`, `login`, `passw`) VALUES (18, 'josephine.rau', '6fad51669bddb9cd70cca379d94c604168944266');
INSERT INTO `user` (`id_user`, `login`, `passw`) VALUES (19, 'labadie.jewel', '3616ec1fbc658b98641ab1b88503a3beb7b3f3ef');
INSERT INTO `user` (`id_user`, `login`, `passw`) VALUES (20, 'sam77', '53df72f41c3819db3b438b40f1dbaf1ddfae8d14');
INSERT INTO `user` (`id_user`, `login`, `passw`) VALUES (21, 'blake63', '56924fbe6b9eb2a17e8dc7de30f6c91af432c758');
INSERT INTO `user` (`id_user`, `login`, `passw`) VALUES (22, 'haley10', '4ed36a006fd2f8128ea48d6fb32c1de6a1880000');
INSERT INTO `user` (`id_user`, `login`, `passw`) VALUES (23, 'noble66', '1349ecd5eb051fdf65e4d68df644bb35446f7754');
INSERT INTO `user` (`id_user`, `login`, `passw`) VALUES (24, 'beulah46', '4f3819a061770ea5f7a00043df381a48a6983b87');
INSERT INTO `user` (`id_user`, `login`, `passw`) VALUES (25, 'jkeeling', '07b4b0959cf641ed547c1b27d7c354a47ab06f09');
INSERT INTO `user` (`id_user`, `login`, `passw`) VALUES (26, 'shahn', '2d63ad203fe2c782511926987fd363c03aa495d5');
INSERT INTO `user` (`id_user`, `login`, `passw`) VALUES (27, 'umarquardt', 'fdc7f89723206335d23e70933c9d27011e8b39f4');
INSERT INTO `user` (`id_user`, `login`, `passw`) VALUES (28, 'nikolas11', '607f8069d7de7fa901fcd2c2520df8055f8e6185');
INSERT INTO `user` (`id_user`, `login`, `passw`) VALUES (29, 'schiller.muhammad', 'ac04cca05e9cbd579099fd6409d4958d42aabba2');
INSERT INTO `user` (`id_user`, `login`, `passw`) VALUES (30, 'bella.kerluke', '0ef529e5a5f84d301e5a49801aa53e5dc9bf75eb');
INSERT INTO `user` (`id_user`, `login`, `passw`) VALUES (31, 'beatty.raquel', 'bf6b26aa108b1202e91816cea534e750c6fcca95');
INSERT INTO `user` (`id_user`, `login`, `passw`) VALUES (32, 'bartholome.boehm', '661a42f6b11fb7d2c28954a4af0d10adafc99539');
INSERT INTO `user` (`id_user`, `login`, `passw`) VALUES (33, 'pollich.zoila', 'd4c7a7103671287c88d5ac5579443213cf0fd89c');
INSERT INTO `user` (`id_user`, `login`, `passw`) VALUES (34, 'wblock', 'a09b5809a3bf07e03f668bf7cfff900c3d260660');
INSERT INTO `user` (`id_user`, `login`, `passw`) VALUES (35, 'volkman.kurtis', 'b9d838f170eca470522b28a4be8a7802531a134b');
INSERT INTO `user` (`id_user`, `login`, `passw`) VALUES (36, 'paucek.wendy', '14f56d4083d22e5c83d7087aceaffb45b26eeef2');
INSERT INTO `user` (`id_user`, `login`, `passw`) VALUES (37, 'kulas.hildegard', 'e856a2c57bb14aeb782d0b6775072c2a108308e9');
INSERT INTO `user` (`id_user`, `login`, `passw`) VALUES (38, 'dianna33', '668955dbdb62f7b23ca972c67dda43bf28c7b9fa');
INSERT INTO `user` (`id_user`, `login`, `passw`) VALUES (39, 'zachariah.o\'connell', 'e1a5e7974b5ccb2bb95ec5edbd872cd2bd41c118');
INSERT INTO `user` (`id_user`, `login`, `passw`) VALUES (40, 'freichel', 'b4720affd138ebfe15f4d353fbb3740b407d25e4');
INSERT INTO `user` (`id_user`, `login`, `passw`) VALUES (41, 'turcotte.kylie', '23fee00fdb1cca4aaebf56e974b3419ed2caa729');
INSERT INTO `user` (`id_user`, `login`, `passw`) VALUES (42, 'sosinski', '99d11eeb72980616e469cc80b59df849c8a5c63d');
INSERT INTO `user` (`id_user`, `login`, `passw`) VALUES (43, 'green.dorothy', 'e093e6dfe920323de05d5e8fe93e85646d6a2f90');
INSERT INTO `user` (`id_user`, `login`, `passw`) VALUES (44, 'oma.ruecker', '0f64adc04edca027bc6320f5e23abc04f9470f1a');
INSERT INTO `user` (`id_user`, `login`, `passw`) VALUES (45, 'olueilwitz', '22ae84e4f36341e34f53616bbad7b21b557e946f');
INSERT INTO `user` (`id_user`, `login`, `passw`) VALUES (46, 'xnitzsche', 'e034a24b5408a8970a3b1a7f6925349aeda1a5a5');
INSERT INTO `user` (`id_user`, `login`, `passw`) VALUES (47, 'samantha.deckow', '7249e9b1812b4225dcb70180daa2f19cd25c2200');
INSERT INTO `user` (`id_user`, `login`, `passw`) VALUES (48, 'kaylah.durgan', 'c9dc9220a4403e9b0b243f3fcc9a26a13b2ef062');
INSERT INTO `user` (`id_user`, `login`, `passw`) VALUES (49, 'cummerata.susie', 'af0e871ef371dd175d27d272a4ef86a240690626');
INSERT INTO `user` (`id_user`, `login`, `passw`) VALUES (50, 'anthony93', '39d53bf41729d85ad6bae8ffc99dd21021dd266c');
INSERT INTO `user` (`id_user`, `login`, `passw`) VALUES (51, 'willard17', '09a08c1031ab37a65ceed72ff6b3c5fab05be834');
INSERT INTO `user` (`id_user`, `login`, `passw`) VALUES (52, 'pschumm', '4dc3f07f6663d67a9f182c3b757d6459770fdd41');
INSERT INTO `user` (`id_user`, `login`, `passw`) VALUES (53, 'wthiel', '94fb85be21059668dd5a927bd1b851e754c9ed64');
INSERT INTO `user` (`id_user`, `login`, `passw`) VALUES (54, 'carmine.cummerata', 'a2577fa8801eee3d77b7aa58e315aaf6c550c836');
INSERT INTO `user` (`id_user`, `login`, `passw`) VALUES (55, 'jodie30', 'c577a304e6ff42276638765845bce13ae70a6ed4');
INSERT INTO `user` (`id_user`, `login`, `passw`) VALUES (56, 'genesis.green', '8689499e4939ec6262a6a22ded5a90edcff1c712');
INSERT INTO `user` (`id_user`, `login`, `passw`) VALUES (57, 'lazaro54', 'c6f5321d1ea938337ab846199abf0eaa47f50b08');
INSERT INTO `user` (`id_user`, `login`, `passw`) VALUES (58, 'sister59', '0e0718c3bc9fcd6194a328a1eb21c93d2f8b40a6');
INSERT INTO `user` (`id_user`, `login`, `passw`) VALUES (59, 'shanna.gaylord', '0c54a98981b2cd1a3e9010bffd9cd8a51e9f3feb');
INSERT INTO `user` (`id_user`, `login`, `passw`) VALUES (60, 'maximillia07', '0e027c9af23efd753e4cf0fb19c216888e221438');
INSERT INTO `user` (`id_user`, `login`, `passw`) VALUES (61, 'william76', 'b599458e482ddf5d1a6ab8ad33cd4bb2eaadb66d');
INSERT INTO `user` (`id_user`, `login`, `passw`) VALUES (62, 'roosevelt.legros', '69dceec77d82902461f1d5b67efee168750bbeab');
INSERT INTO `user` (`id_user`, `login`, `passw`) VALUES (63, 'lori92', 'f1f051d379076c370360cca897fd3fe36e4b2fbe');
INSERT INTO `user` (`id_user`, `login`, `passw`) VALUES (64, 'alexa.maggio', '4dfe2dcb052186bdee4e4bd10e099594c64925dd');
INSERT INTO `user` (`id_user`, `login`, `passw`) VALUES (65, 'bweimann', '9f873726e38aa22c029904e23acee50ab7536741');
INSERT INTO `user` (`id_user`, `login`, `passw`) VALUES (66, 'toy.orie', '987973fad89b0c402d737fc7393ae8953153e335');
INSERT INTO `user` (`id_user`, `login`, `passw`) VALUES (67, 'spinka.jordy', 'ffe950add82dbcb130e03fea51b59abb52fd8dd3');
INSERT INTO `user` (`id_user`, `login`, `passw`) VALUES (68, 'abdul.funk', '20d3dbd7507b8d1b1c95a8043f99ccf7448ebd40');
INSERT INTO `user` (`id_user`, `login`, `passw`) VALUES (69, 'dtillman', '82ba3dba6565fe52ebb4e30216bfe89b759412bd');
INSERT INTO `user` (`id_user`, `login`, `passw`) VALUES (70, 'amir19', '47bcf000ee6587a718ef315a9fd8ede066458304');
INSERT INTO `user` (`id_user`, `login`, `passw`) VALUES (71, 'antonia.bogan', '6f7242cc933292a2abe36d4d4538361cf3d70e33');
INSERT INTO `user` (`id_user`, `login`, `passw`) VALUES (72, 'amoen', '1d2a3555c399100c0d584247ac0422df59627f97');
INSERT INTO `user` (`id_user`, `login`, `passw`) VALUES (73, 'dean.hintz', 'cfff340a3bc885a000de76fc4caccfbf83c90f09');
INSERT INTO `user` (`id_user`, `login`, `passw`) VALUES (74, 'matilda.hackett', '8ac48752748c6dfaf69032f1ea65b64b4eb5e5b7');
INSERT INTO `user` (`id_user`, `login`, `passw`) VALUES (75, 'sawayn.alden', 'b8c0d0d6af1dfffd5971d942761c39d4769bf1dc');
INSERT INTO `user` (`id_user`, `login`, `passw`) VALUES (76, 'nyah01', 'be2863a84ae1f55814211e5c1ffd5b73642f64e5');
INSERT INTO `user` (`id_user`, `login`, `passw`) VALUES (77, 'wehner.randall', '351894d7fae335119e1d66e7f05fb78bdb12561d');
INSERT INTO `user` (`id_user`, `login`, `passw`) VALUES (78, 'twindler', 'ecf6c297e2e868b5589d095776b86d1f57371f0f');
INSERT INTO `user` (`id_user`, `login`, `passw`) VALUES (79, 'cole.kaden', '65741e1b69f487d9a5fcc00d695b4faf8c43d7da');
INSERT INTO `user` (`id_user`, `login`, `passw`) VALUES (80, 'wintheiser.charity', 'f5f554defdd4cc2a2be3e8502494c84c7f3b7f1c');
INSERT INTO `user` (`id_user`, `login`, `passw`) VALUES (81, 'mosciski.cathy', 'ef4ae1a7274c09ad359989653e89a90b43b45b09');
INSERT INTO `user` (`id_user`, `login`, `passw`) VALUES (82, 'sschulist', '8d12aa01d6066f4889fe35ab7f96afd88fdc97ed');
INSERT INTO `user` (`id_user`, `login`, `passw`) VALUES (83, 'wcole', 'd5fd891ec16671fb7603b06ebb414b78713a6efd');
INSERT INTO `user` (`id_user`, `login`, `passw`) VALUES (84, 'kbins', 'fa4e38012eae5b270eba562fd4f57b1c9839501f');
INSERT INTO `user` (`id_user`, `login`, `passw`) VALUES (85, 'nathan.hintz', '4ece6cce90e4f360ad74c799f2f64c3b9f067387');
INSERT INTO `user` (`id_user`, `login`, `passw`) VALUES (86, 'kovacek.bernita', '0d50de074c2805ff50830e2714e86718ff541f81');
INSERT INTO `user` (`id_user`, `login`, `passw`) VALUES (87, 'effertz.leta', 'cd3fe6462011ae09b2838e61243e1e9b3d862dbc');
INSERT INTO `user` (`id_user`, `login`, `passw`) VALUES (88, 'felicity.witting', 'a84b3d122c007ecb7fde4fc10452f32fe09e4716');
INSERT INTO `user` (`id_user`, `login`, `passw`) VALUES (89, 'wanda19', '4b369ee80bd857f53748d6f8fba5c58b149e1f47');
INSERT INTO `user` (`id_user`, `login`, `passw`) VALUES (90, 'ernestina25', 'b5031215f384279d982d58ee45f3191dee9519f0');
INSERT INTO `user` (`id_user`, `login`, `passw`) VALUES (91, 'lou.rodriguez', '447e7a626b4391a4ae7d0858f7cfbccd8406cff9');
INSERT INTO `user` (`id_user`, `login`, `passw`) VALUES (92, 'jenkins.trey', '5005d76e141151c7f4ce1e2b87d1ffe5a0f14111');
INSERT INTO `user` (`id_user`, `login`, `passw`) VALUES (93, 'norbert.kemmer', '2f02870ed31ada935cf451fb6a5106e7b6269ac9');
INSERT INTO `user` (`id_user`, `login`, `passw`) VALUES (94, 'marty37', '9a19976574cc2e99db8bdea14685526cb3d5155d');
INSERT INTO `user` (`id_user`, `login`, `passw`) VALUES (95, 'katarina20', '976289f95cc5e789b14d22b5af66e7d7fcf1f625');
INSERT INTO `user` (`id_user`, `login`, `passw`) VALUES (96, 'lilla48', 'f848588a1884fd945c926ad11f59f927d5cbb6ef');
INSERT INTO `user` (`id_user`, `login`, `passw`) VALUES (97, 'harold.raynor', 'f4aa7b3ff1607385644b161ad48c9122b5a40ae9');
INSERT INTO `user` (`id_user`, `login`, `passw`) VALUES (98, 'rosenbaum.melissa', '3e3048aef37d8e32bce49db0b0f86c1bd37f0501');
INSERT INTO `user` (`id_user`, `login`, `passw`) VALUES (99, 'wilkinson.mekhi', '9b22d97bdf72ca49c34805a27c5b595c8d294f03');
INSERT INTO `user` (`id_user`, `login`, `passw`) VALUES (100, 'zane.grimes', 'f361883278703d399dd8a35db663113ab9b4ff84');

drop table if exists `profile`;
create table if not exists `profile` (
id_prof int primary key auto_increment not null unique,
username char(55) not null unique,
birthday date not null,
user_id int not null unique,
foreign key (`user_id`) references `user` (`id_user`)
);

INSERT INTO `profile` (`id_prof`, `username`, `birthday`, `user_id`) VALUES (1, 'Kobe', '2011-07-12', 78);
INSERT INTO `profile` (`id_prof`, `username`, `birthday`, `user_id`) VALUES (2, 'General', '2015-06-27', 88);
INSERT INTO `profile` (`id_prof`, `username`, `birthday`, `user_id`) VALUES (3, 'Claud', '1989-07-24', 54);
INSERT INTO `profile` (`id_prof`, `username`, `birthday`, `user_id`) VALUES (4, 'Andre', '1983-01-23', 50);
INSERT INTO `profile` (`id_prof`, `username`, `birthday`, `user_id`) VALUES (5, 'Vern', '1991-03-06', 72);
INSERT INTO `profile` (`id_prof`, `username`, `birthday`, `user_id`) VALUES (6, 'Maude', '1979-07-19', 71);
INSERT INTO `profile` (`id_prof`, `username`, `birthday`, `user_id`) VALUES (7, 'Chasity', '2007-05-13', 58);
INSERT INTO `profile` (`id_prof`, `username`, `birthday`, `user_id`) VALUES (8, 'Rebeca', '2002-10-25', 64);
INSERT INTO `profile` (`id_prof`, `username`, `birthday`, `user_id`) VALUES (9, 'Mayra', '1997-07-01', 60);
INSERT INTO `profile` (`id_prof`, `username`, `birthday`, `user_id`) VALUES (10, 'Gabriel', '2020-03-27', 51);
INSERT INTO `profile` (`id_prof`, `username`, `birthday`, `user_id`) VALUES (11, 'Laverne', '2010-09-24', 73);
INSERT INTO `profile` (`id_prof`, `username`, `birthday`, `user_id`) VALUES (12, 'Gunnar', '1979-07-23', 10);
INSERT INTO `profile` (`id_prof`, `username`, `birthday`, `user_id`) VALUES (13, 'Quincy', '1990-07-06', 1);
INSERT INTO `profile` (`id_prof`, `username`, `birthday`, `user_id`) VALUES (14, 'Ofelia', '1975-07-24', 86);
INSERT INTO `profile` (`id_prof`, `username`, `birthday`, `user_id`) VALUES (15, 'Destinee', '1976-07-30', 23);
INSERT INTO `profile` (`id_prof`, `username`, `birthday`, `user_id`) VALUES (16, 'Hassie', '1974-07-31', 43);
INSERT INTO `profile` (`id_prof`, `username`, `birthday`, `user_id`) VALUES (17, 'Beverly', '1994-12-26', 19);
INSERT INTO `profile` (`id_prof`, `username`, `birthday`, `user_id`) VALUES (18, 'Bonnie', '1971-12-25', 25);
INSERT INTO `profile` (`id_prof`, `username`, `birthday`, `user_id`) VALUES (19, 'Else', '1996-06-30', 55);
INSERT INTO `profile` (`id_prof`, `username`, `birthday`, `user_id`) VALUES (20, 'Carlie', '1983-07-23', 83);
INSERT INTO `profile` (`id_prof`, `username`, `birthday`, `user_id`) VALUES (21, 'Aurelie', '2001-12-27', 24);
INSERT INTO `profile` (`id_prof`, `username`, `birthday`, `user_id`) VALUES (22, 'Deron', '1974-01-02', 98);
INSERT INTO `profile` (`id_prof`, `username`, `birthday`, `user_id`) VALUES (23, 'Terrence', '1975-02-05', 95);
INSERT INTO `profile` (`id_prof`, `username`, `birthday`, `user_id`) VALUES (24, 'Fern', '1977-06-15', 39);
INSERT INTO `profile` (`id_prof`, `username`, `birthday`, `user_id`) VALUES (25, 'Gianni', '2009-09-18', 85);
INSERT INTO `profile` (`id_prof`, `username`, `birthday`, `user_id`) VALUES (26, 'Zita', '1983-09-11', 7);
INSERT INTO `profile` (`id_prof`, `username`, `birthday`, `user_id`) VALUES (27, 'Hilma', '1977-04-10', 26);
INSERT INTO `profile` (`id_prof`, `username`, `birthday`, `user_id`) VALUES (28, 'Linnea', '2011-12-15', 84);
INSERT INTO `profile` (`id_prof`, `username`, `birthday`, `user_id`) VALUES (30, 'Amiya', '1993-04-16', 18);
INSERT INTO `profile` (`id_prof`, `username`, `birthday`, `user_id`) VALUES (31, 'Lavern', '2004-08-24', 11);
INSERT INTO `profile` (`id_prof`, `username`, `birthday`, `user_id`) VALUES (32, 'Lincoln', '2023-02-22', 41);
INSERT INTO `profile` (`id_prof`, `username`, `birthday`, `user_id`) VALUES (33, 'Freddy', '1973-12-19', 4);
INSERT INTO `profile` (`id_prof`, `username`, `birthday`, `user_id`) VALUES (34, 'Clint', '1971-08-14', 31);
INSERT INTO `profile` (`id_prof`, `username`, `birthday`, `user_id`) VALUES (35, 'Maximillia', '2020-02-17', 5);
INSERT INTO `profile` (`id_prof`, `username`, `birthday`, `user_id`) VALUES (36, 'Jaquelin', '2005-08-26', 40);
INSERT INTO `profile` (`id_prof`, `username`, `birthday`, `user_id`) VALUES (37, 'Levi', '2005-08-26', 3);
INSERT INTO `profile` (`id_prof`, `username`, `birthday`, `user_id`) VALUES (38, 'Rei', '2005-08-26', 12);
INSERT INTO `profile` (`id_prof`, `username`, `birthday`, `user_id`) VALUES (39, 'Dazai', '2005-08-26', 28);
INSERT INTO `profile` (`id_prof`, `username`, `birthday`, `user_id`) VALUES (40, 'Earnest', '2000-01-26', 13);
INSERT INTO `profile` (`id_prof`, `username`, `birthday`, `user_id`) VALUES (41, 'Myah', '2020-11-13', 45);
INSERT INTO `profile` (`id_prof`, `username`, `birthday`, `user_id`) VALUES (42, 'Shinpachi', '2005-08-26', 66);
INSERT INTO `profile` (`id_prof`, `username`, `birthday`, `user_id`) VALUES (43, 'Dorothy', '1975-06-24', 57);
INSERT INTO `profile` (`id_prof`, `username`, `birthday`, `user_id`) VALUES (44, 'Usop', '2005-08-26', 14);
INSERT INTO `profile` (`id_prof`, `username`, `birthday`, `user_id`) VALUES (45, 'Sally', '1974-02-17', 30);
INSERT INTO `profile` (`id_prof`, `username`, `birthday`, `user_id`) VALUES (46, 'Okita', '2005-08-26', 96);
INSERT INTO `profile` (`id_prof`, `username`, `birthday`, `user_id`) VALUES (47, 'Bruno', '2005-08-26', 61);
INSERT INTO `profile` (`id_prof`, `username`, `birthday`, `user_id`) VALUES (48, 'Niko', '1976-07-27', 70);
INSERT INTO `profile` (`id_prof`, `username`, `birthday`, `user_id`) VALUES (49, 'Kurt', '1980-02-15', 2);
INSERT INTO `profile` (`id_prof`, `username`, `birthday`, `user_id`) VALUES (50, 'Omari', '1975-12-03', 34);
INSERT INTO `profile` (`id_prof`, `username`, `birthday`, `user_id`) VALUES (51, 'Delores', '1998-02-28', 21);
INSERT INTO `profile` (`id_prof`, `username`, `birthday`, `user_id`) VALUES (52, 'Aylin', '1979-12-02', 20);
INSERT INTO `profile` (`id_prof`, `username`, `birthday`, `user_id`) VALUES (53, 'Kondo', '2005-08-26', 15);
INSERT INTO `profile` (`id_prof`, `username`, `birthday`, `user_id`) VALUES (54, 'Jessica', '2002-02-02', 97);
INSERT INTO `profile` (`id_prof`, `username`, `birthday`, `user_id`) VALUES (55, 'Sarutobi', '2010-08-06', 33);
INSERT INTO `profile` (`id_prof`, `username`, `birthday`, `user_id`) VALUES (56, 'Yato', '2000-09-21', 53);
INSERT INTO `profile` (`id_prof`, `username`, `birthday`, `user_id`) VALUES (57, 'Byakuya', '2005-08-26', 44);
INSERT INTO `profile` (`id_prof`, `username`, `birthday`, `user_id`) VALUES (58, 'Journo', '2005-08-26', 27);
INSERT INTO `profile` (`id_prof`, `username`, `birthday`, `user_id`) VALUES (59, 'Vivianne', '1986-07-18', 36);
INSERT INTO `profile` (`id_prof`, `username`, `birthday`, `user_id`) VALUES (60, 'Elisabeth', '1982-07-21', 46);
INSERT INTO `profile` (`id_prof`, `username`, `birthday`, `user_id`) VALUES (61, 'Diana', '1982-07-21', 99);
INSERT INTO `profile` (`id_prof`, `username`, `birthday`, `user_id`) VALUES (62, 'Ivy', '2009-07-02', 47);
INSERT INTO `profile` (`id_prof`, `username`, `birthday`, `user_id`) VALUES (63, 'Bridgette', '1979-09-28', 94);
INSERT INTO `profile` (`id_prof`, `username`, `birthday`, `user_id`) VALUES (64, 'Josh', '2020-08-19', 76);
INSERT INTO `profile` (`id_prof`, `username`, `birthday`, `user_id`) VALUES (65, 'Jocelyn', '2015-11-25', 75);
INSERT INTO `profile` (`id_prof`, `username`, `birthday`, `user_id`) VALUES (66, 'Polnareff', '1982-07-21', 38);
INSERT INTO `profile` (`id_prof`, `username`, `birthday`, `user_id`) VALUES (67, 'Burnice', '2001-03-19', 29);
INSERT INTO `profile` (`id_prof`, `username`, `birthday`, `user_id`) VALUES (68, 'Renji', '1982-07-21', 37);
INSERT INTO `profile` (`id_prof`, `username`, `birthday`, `user_id`) VALUES (69, 'Meaghan', '2001-08-03', 48);
INSERT INTO `profile` (`id_prof`, `username`, `birthday`, `user_id`) VALUES (70, 'Iliana', '2003-03-28', 22);
INSERT INTO `profile` (`id_prof`, `username`, `birthday`, `user_id`) VALUES (71, 'Shany', '1986-01-31', 63);
INSERT INTO `profile` (`id_prof`, `username`, `birthday`, `user_id`) VALUES (72, 'Tsunade', '1986-01-31', 93);
INSERT INTO `profile` (`id_prof`, `username`, `birthday`, `user_id`) VALUES (73, 'Orochimaru', '1986-01-31', 82);
INSERT INTO `profile` (`id_prof`, `username`, `birthday`, `user_id`) VALUES (74, 'Reymundo', '2019-05-15', 52);
INSERT INTO `profile` (`id_prof`, `username`, `birthday`, `user_id`) VALUES (75, 'Madyson', '1996-05-15', 91);
INSERT INTO `profile` (`id_prof`, `username`, `birthday`, `user_id`) VALUES (76, 'Hanako', '1986-01-31', 69);
INSERT INTO `profile` (`id_prof`, `username`, `birthday`, `user_id`) VALUES (77, 'Shoe', '1986-01-31', 74);
INSERT INTO `profile` (`id_prof`, `username`, `birthday`, `user_id`) VALUES (78, 'Jane', '1975-05-19', 59);
INSERT INTO `profile` (`id_prof`, `username`, `birthday`, `user_id`) VALUES (79, 'Ranpo', '1986-01-31', 90);
INSERT INTO `profile` (`id_prof`, `username`, `birthday`, `user_id`) VALUES (80, 'Killua', '1990-09-28', 87);
INSERT INTO `profile` (`id_prof`, `username`, `birthday`, `user_id`) VALUES (81, 'Tanaka', '1990-09-28', 92);
INSERT INTO `profile` (`id_prof`, `username`, `birthday`, `user_id`) VALUES (82, 'Alanna', '1990-09-28', 16);
INSERT INTO `profile` (`id_prof`, `username`, `birthday`, `user_id`) VALUES (83, 'Agnes', '2008-02-27', 6);
INSERT INTO `profile` (`id_prof`, `username`, `birthday`, `user_id`) VALUES (84, 'Natsume', '1990-09-28', 65);
INSERT INTO `profile` (`id_prof`, `username`, `birthday`, `user_id`) VALUES (85, 'Tomas', '1988-06-30', 42);
INSERT INTO `profile` (`id_prof`, `username`, `birthday`, `user_id`) VALUES (86, 'Udon', '1990-09-28', 81);
INSERT INTO `profile` (`id_prof`, `username`, `birthday`, `user_id`) VALUES (87, 'Kim', '1997-12-05', 62);
INSERT INTO `profile` (`id_prof`, `username`, `birthday`, `user_id`) VALUES (88, 'Coy', '2000-06-08', 9);
INSERT INTO `profile` (`id_prof`, `username`, `birthday`, `user_id`) VALUES (89, 'Soba', '1990-09-28', 35);
INSERT INTO `profile` (`id_prof`, `username`, `birthday`, `user_id`) VALUES (90, 'Gwendolyn', '2023-03-26', 67);
INSERT INTO `profile` (`id_prof`, `username`, `birthday`, `user_id`) VALUES (91, 'Tae', '2023-03-26', 68);
INSERT INTO `profile` (`id_prof`, `username`, `birthday`, `user_id`) VALUES (92, 'Mitsuki', '2023-03-26', 17);
INSERT INTO `profile` (`id_prof`, `username`, `birthday`, `user_id`) VALUES (93, 'Ashlee', '2005-02-21', 100);
INSERT INTO `profile` (`id_prof`, `username`, `birthday`, `user_id`) VALUES (94, 'Libby', '2015-01-13', 32);
INSERT INTO `profile` (`id_prof`, `username`, `birthday`, `user_id`) VALUES (95, 'Mugiwara', '2023-03-26', 56);
INSERT INTO `profile` (`id_prof`, `username`, `birthday`, `user_id`) VALUES (96, 'Olesha', '2023-03-26', 77);
INSERT INTO `profile` (`id_prof`, `username`, `birthday`, `user_id`) VALUES (97, 'Margarete', '1999-11-20', 79);
INSERT INTO `profile` (`id_prof`, `username`, `birthday`, `user_id`) VALUES (98, 'Genesis', '1994-06-03', 80);
INSERT INTO `profile` (`id_prof`, `username`, `birthday`, `user_id`) VALUES (99, 'Dendenmushi', '2023-03-26', 89);
INSERT INTO `profile` (`id_prof`, `username`, `birthday`, `user_id`) VALUES (100, 'Danny', '2021-03-09', 49);

drop table if exists `artist`;
create table if not exists `artist` (
id_artist int primary key auto_increment not null unique,
name char(55) not null unique,
description text
);

INSERT INTO `artist` (`id_artist`, `name`, `description`) VALUES (1, 'Pyrokinesis', 'Et architecto molestiae cumque repellat et. Et explicabo cum doloribus voluptate consequatur nesciunt. Dolor aliquid nobis illum incidunt. Cupiditate optio qui aspernatur eos.');
INSERT INTO `artist` (`id_artist`, `name`, `description`) VALUES (2, 'ssshhhiiittt!', '');
INSERT INTO `artist` (`id_artist`, `name`, `description`) VALUES (3, 'Valentin Strikalo', 'Cupiditate rerum impedit porro laborum in aspernatur dignissimos dolore. Quae cupiditate tempora corrupti officia voluptatem delectus quos voluptas. Consequuntur accusamus eos est minus voluptatem corrupti. Ut dicta ut distinctio a mollitia voluptatibus.');
INSERT INTO `artist` (`id_artist`, `name`, `description`) VALUES (4, 'Peremotka', '');
INSERT INTO `artist` (`id_artist`, `name`, `description`) VALUES (5, 'nesoglasie', 'Dicta eligendi quia nam iusto eos minima aspernatur. Autem dolorem eius ipsum distinctio. At quis tenetur et sint eos sapiente harum.');
INSERT INTO `artist` (`id_artist`, `name`, `description`) VALUES (6, 'nervy', '');
INSERT INTO `artist` (`id_artist`, `name`, `description`) VALUES (7, 'saypink!', 'Omnis officia sint illo rerum dolorem sint debitis nam. Animi recusandae ea eos iusto. Alias et voluptatem ut soluta mollitia quaerat.');
INSERT INTO `artist` (`id_artist`, `name`, `description`) VALUES (8, 'pharaoh', '');
INSERT INTO `artist` (`id_artist`, `name`, `description`) VALUES (9, 'gone.fludd', '');
INSERT INTO `artist` (`id_artist`, `name`, `description`) VALUES (10, 'lizer', '');
INSERT INTO `artist` (`id_artist`, `name`, `description`) VALUES (11, 'vokrug fonarnogo stolba', 'Omnis animi sed accusantium eos quam ab neque perspiciatis. Consequuntur veritatis asperiores laudantium expedita. Voluptatem et est provident repellat. Aspernatur qui pariatur quia voluptas.');
INSERT INTO `artist` (`id_artist`, `name`, `description`) VALUES (12, 'shary', '');
INSERT INTO `artist` (`id_artist`, `name`, `description`) VALUES (13, 'mukka', '');
INSERT INTO `artist` (`id_artist`, `name`, `description`) VALUES (14, 'dzhizus', '');
INSERT INTO `artist` (`id_artist`, `name`, `description`) VALUES (15, 'gde phantom?', 'Et quia eaque distinctio. Pariatur fugiat facilis voluptatem quae molestias distinctio.');
INSERT INTO `artist` (`id_artist`, `name`, `description`) VALUES (16, 'gorillaz', 'Illo possimus occaecati nihil maxime reprehenderit. Quam sit sed autem sunt in. Deserunt ut quasi dolor voluptatem illum aut nemo. Commodi distinctio est laborum.');
INSERT INTO `artist` (`id_artist`, `name`, `description`) VALUES (17, 'pochti schastie', '');
INSERT INTO `artist` (`id_artist`, `name`, `description`) VALUES (18, 'twin piks', 'Non repellendus sit soluta omnis ea aut placeat saepe. Non eos quaerat dolorem distinctio. Voluptas iste cumque quidem ex.');
INSERT INTO `artist` (`id_artist`, `name`, `description`) VALUES (19, 'papin olimpos', '');
INSERT INTO `artist` (`id_artist`, `name`, `description`) VALUES (20, 'lsp', '');
INSERT INTO `artist` (`id_artist`, `name`, `description`) VALUES (21, 'beat crusaders', '');
INSERT INTO `artist` (`id_artist`, `name`, `description`) VALUES (22, 'asian kungfu generation', 'Est veniam cupiditate voluptatum sit nesciunt sit dolorem. Voluptas saepe voluptates delectus voluptate molestiae ipsa. Nesciunt ex maxime consequatur doloremque ipsa.');
INSERT INTO `artist` (`id_artist`, `name`, `description`) VALUES (23, 'home made kazoku', '');
INSERT INTO `artist` (`id_artist`, `name`, `description`) VALUES (24, 'yui', 'Recusandae sed et expedita et voluptas eum sed. Voluptates nobis sunt nihil. Architecto dolores velit aut enim qui assumenda.');
INSERT INTO `artist` (`id_artist`, `name`, `description`) VALUES (25, 'radwimps', '');
INSERT INTO `artist` (`id_artist`, `name`, `description`) VALUES (26, 'goose-house', 'Laborum voluptates debitis possimus. Et quam earum et ut a nam est voluptatem. Ducimus non aspernatur nam est consequuntur. Reprehenderit ad harum necessitatibus beatae.');
INSERT INTO `artist` (`id_artist`, `name`, `description`) VALUES (27, 'kanaboon', 'Doloremque molestiae nesciunt tempora voluptates. Magnam aut iste voluptatem eos quo. Voluptas dolorum corporis soluta sunt inventore dolorem.');
INSERT INTO `artist` (`id_artist`, `name`, `description`) VALUES (28, 'linked gorizon', '');
INSERT INTO `artist` (`id_artist`, `name`, `description`) VALUES (29, 'ikimonogakiri', '');
INSERT INTO `artist` (`id_artist`, `name`, `description`) VALUES (30, 'gintoki', 'Ea rerum suscipit recusandae non. Voluptatem provident expedita id expedita veritatis consequatur ut. Sequi molestias recusandae eaque vel vel exercitationem est.');
INSERT INTO `artist` (`id_artist`, `name`, `description`) VALUES (31, 'sanji', 'Et aut eligendi quidem voluptatem officia qui. Qui rerum ut maxime iste dolorem quia quo qui. Quidem autem molestias ratione fuga sunt. Ea ea nesciunt quia.');
INSERT INTO `artist` (`id_artist`, `name`, `description`) VALUES (32, 'kakyoin noriaki', 'Voluptate molestiae fugit eos totam a id odio. Ratione exercitationem assumenda et. Corporis aut aut dolorem repudiandae qui laborum. Sint dolor aut magni fugit quas cumque aliquid ipsum. Sunt voluptates sit velit nobis rerum harum veritatis.');
INSERT INTO `artist` (`id_artist`, `name`, `description`) VALUES (33, 'nakahara', 'Deleniti fugit ipsam eos. Ad quae quia non. Assumenda suscipit exercitationem aut in sed doloremque. Ea iste architecto consequuntur est facilis et.');
INSERT INTO `artist` (`id_artist`, `name`, `description`) VALUES (34, 'joestar', 'Qui quia dolores minus consequuntur enim nesciunt. Earum rerum quas perspiciatis sed quae qui. Tempore nulla voluptates nobis sunt sed assumenda praesentium ea.');
INSERT INTO `artist` (`id_artist`, `name`, `description`) VALUES (35, 'rorozoro!', 'Ut rerum qui itaque nobis. Rem ut debitis optio excepturi rerum iusto ut. Voluptatem rem assumenda eaque consequatur perspiciatis saepe aspernatur.');
INSERT INTO `artist` (`id_artist`, `name`, `description`) VALUES (36, 'ichigo', 'Expedita nobis suscipit consequatur in iure. Eos dolorum ut nisi modi. Labore et et aliquam quae provident vel. Quis quis unde voluptatum ducimus hic et ex. Blanditiis suscipit molestias reiciendis et eum libero eos.');
INSERT INTO `artist` (`id_artist`, `name`, `description`) VALUES (37, 'hyakkimaru', 'Iste voluptas eum consequatur tempora nesciunt rerum id. Voluptatem soluta tempora dolorem ullam. Dolores esse similique aut cumque rerum culpa.');
INSERT INTO `artist` (`id_artist`, `name`, `description`) VALUES (38, 'dororo', '');
INSERT INTO `artist` (`id_artist`, `name`, `description`) VALUES (39, 'rukia', '');
INSERT INTO `artist` (`id_artist`, `name`, `description`) VALUES (40, 'shieru', '');
INSERT INTO `artist` (`id_artist`, `name`, `description`) VALUES (41, 'iggy', 'Illum tempore sunt sequi sapiente et corrupti est. Eveniet recusandae aut aliquid culpa nisi ullam. Optio atque beatae necessitatibus.');
INSERT INTO `artist` (`id_artist`, `name`, `description`) VALUES (42, 'yamazaki', 'Sunt laborum dolore reprehenderit ab reiciendis rerum facere. Velit quibusdam eos dolorem vel aut. Sed omnis temporibus omnis autem deserunt cum.');
INSERT INTO `artist` (`id_artist`, `name`, `description`) VALUES (43, 'kagura', 'Sunt expedita ut quaerat sequi ut dolores nam. Totam quaerat omnis laborum saepe officia. Quod molestias et reiciendis qui dignissimos explicabo. Aperiam sed illum officiis qui nostrum sit error ab.');
INSERT INTO `artist` (`id_artist`, `name`, `description`) VALUES (44, 'bansai', 'Illum sit magni sed quia quae et eligendi modi. Et itaque quas dolorem reiciendis. Rerum impedit est qui.');
INSERT INTO `artist` (`id_artist`, `name`, `description`) VALUES (45, 'katsura', 'Accusamus id quo ea quasi iste rerum qui facere. Est a animi rerum autem magnam accusantium. Quibusdam corporis nemo deserunt sapiente iure non sunt. Asperiores rerum architecto officia neque quia perspiciatis et.');
INSERT INTO `artist` (`id_artist`, `name`, `description`) VALUES (46, 'shinske', '');
INSERT INTO `artist` (`id_artist`, `name`, `description`) VALUES (47, 'toshiro', '');
INSERT INTO `artist` (`id_artist`, `name`, `description`) VALUES (48, 'dio', 'Qui ut aut necessitatibus fugit et incidunt. Accusantium voluptate aliquam iusto cum cum et. Porro nostrum iusto esse ratione et voluptas saepe provident.');
INSERT INTO `artist` (`id_artist`, `name`, `description`) VALUES (49, 'joseph jo', '');
INSERT INTO `artist` (`id_artist`, `name`, `description`) VALUES (50, 'nijimura', '');
INSERT INTO `artist` (`id_artist`, `name`, `description`) VALUES (51, 'Orlo Wehner', '');
INSERT INTO `artist` (`id_artist`, `name`, `description`) VALUES (52, 'Wilhelmine Wuckert', '');
INSERT INTO `artist` (`id_artist`, `name`, `description`) VALUES (53, 'Josh Gislason', 'Unde reprehenderit et est saepe ullam veritatis aut ducimus. Temporibus blanditiis qui sed qui adipisci sunt. Qui qui quas et repudiandae.');
INSERT INTO `artist` (`id_artist`, `name`, `description`) VALUES (54, 'Prof. Garnett Jaskolski', '');
INSERT INTO `artist` (`id_artist`, `name`, `description`) VALUES (55, 'Minnie Rodriguez', '');
INSERT INTO `artist` (`id_artist`, `name`, `description`) VALUES (56, 'Alana Witting', 'Magni dolorum provident aspernatur quis animi tempora maxime. Quas ex numquam iure architecto. Tenetur mollitia nostrum nulla enim.');
INSERT INTO `artist` (`id_artist`, `name`, `description`) VALUES (57, 'Prof. Colton Marquardt PhD', 'Facere aliquam accusamus exercitationem maxime explicabo. Ut animi et commodi fugiat. Nihil dicta suscipit qui. Sunt autem voluptas odit architecto et eius.');
INSERT INTO `artist` (`id_artist`, `name`, `description`) VALUES (58, 'Rosalee Farrell DVM', 'Eum maiores sit sunt nam cupiditate saepe consequatur. Commodi adipisci quam culpa repellat eos eos excepturi. Molestiae provident ab cumque voluptatem tenetur ut. Sunt quia voluptatibus et asperiores iusto non.');
INSERT INTO `artist` (`id_artist`, `name`, `description`) VALUES (59, 'Kelli Gerlach', '');
INSERT INTO `artist` (`id_artist`, `name`, `description`) VALUES (60, 'Titus Gottlieb', '');
INSERT INTO `artist` (`id_artist`, `name`, `description`) VALUES (61, 'Beaulah Beer', 'Nihil est ea architecto modi quis aut deleniti. Architecto eum dolores rem fugit rerum eius in. Debitis dicta itaque eos debitis.');
INSERT INTO `artist` (`id_artist`, `name`, `description`) VALUES (62, 'Magnolia Graham', 'Aut fugit et fugit qui adipisci suscipit. Fugiat et unde laborum beatae reprehenderit. Sint eum repellendus et veniam laboriosam sunt. Dolore ratione enim qui numquam aspernatur.');
INSERT INTO `artist` (`id_artist`, `name`, `description`) VALUES (63, 'Eldred Ryan', '');
INSERT INTO `artist` (`id_artist`, `name`, `description`) VALUES (64, 'Mr. Lindsey O\'Hara Jr.', '');
INSERT INTO `artist` (`id_artist`, `name`, `description`) VALUES (65, 'Brenden Hettinger II', '');
INSERT INTO `artist` (`id_artist`, `name`, `description`) VALUES (66, 'Dr. Leo Heidenreich Jr.', '');
INSERT INTO `artist` (`id_artist`, `name`, `description`) VALUES (67, 'Brady Boyle Sr.', '');
INSERT INTO `artist` (`id_artist`, `name`, `description`) VALUES (68, 'Prof. Curtis Gleason I', '');
INSERT INTO `artist` (`id_artist`, `name`, `description`) VALUES (69, 'Charlotte Bednar DVM', '');
INSERT INTO `artist` (`id_artist`, `name`, `description`) VALUES (70, 'Prof. Rhianna Balistreri', '');
INSERT INTO `artist` (`id_artist`, `name`, `description`) VALUES (71, 'Skyla Davis', 'Perferendis nemo explicabo beatae et rerum. Et ut numquam sed ipsum. Culpa nobis repudiandae qui deleniti.');
INSERT INTO `artist` (`id_artist`, `name`, `description`) VALUES (72, 'Cale Schultz', 'Ea rerum sed sunt soluta harum magni accusantium. Exercitationem fugiat tenetur ut beatae commodi. Laborum neque ad quia dolore. Ullam sapiente deleniti cum.');
INSERT INTO `artist` (`id_artist`, `name`, `description`) VALUES (73, 'Dr. Dee Turner MD', 'Odio voluptatum illum iste voluptatem tempore. Aut harum quos consequuntur veniam non. Qui veniam optio ipsam qui reprehenderit tempore.');
INSERT INTO `artist` (`id_artist`, `name`, `description`) VALUES (74, 'Monique Lynch Jr.', '');
INSERT INTO `artist` (`id_artist`, `name`, `description`) VALUES (75, 'Domenick Kuhn I', 'Quia tenetur tempora qui rerum excepturi. Fugiat aliquam nihil in.');
INSERT INTO `artist` (`id_artist`, `name`, `description`) VALUES (76, 'Phoebe Jerde', '');
INSERT INTO `artist` (`id_artist`, `name`, `description`) VALUES (77, 'Esteban Shields', 'Iste deserunt impedit qui perferendis sit est. Eaque et odio consequuntur totam adipisci veniam quia. Eaque totam soluta est dolorum necessitatibus molestiae. Qui officia aspernatur fugiat molestias odit odit.');
INSERT INTO `artist` (`id_artist`, `name`, `description`) VALUES (78, 'Mrs. Euna Heller', '');
INSERT INTO `artist` (`id_artist`, `name`, `description`) VALUES (79, 'Reba Cole II', 'Sint modi voluptatem eum libero delectus dolores. Deleniti similique adipisci aut consequatur rem quos maxime. Sed amet veritatis repellat itaque.');
INSERT INTO `artist` (`id_artist`, `name`, `description`) VALUES (80, 'Reed Collier', '');
INSERT INTO `artist` (`id_artist`, `name`, `description`) VALUES (81, 'Miss Celia Beatty', '');
INSERT INTO `artist` (`id_artist`, `name`, `description`) VALUES (82, 'Thea Kilback', 'Repudiandae minima ipsa quibusdam sint delectus quo necessitatibus. Facere enim totam et debitis ut earum. Modi est labore ipsa quia ipsum similique vel. Animi exercitationem dolores illo consequatur possimus.');
INSERT INTO `artist` (`id_artist`, `name`, `description`) VALUES (83, 'Adrianna Bernhard', '');
INSERT INTO `artist` (`id_artist`, `name`, `description`) VALUES (84, 'Leif Goodwin V', '');
INSERT INTO `artist` (`id_artist`, `name`, `description`) VALUES (85, 'Casimir McClure', '');
INSERT INTO `artist` (`id_artist`, `name`, `description`) VALUES (86, 'Noemi Reynolds', 'Laborum qui sed est eos. Modi quod accusamus facere quo. Odit et consequatur sapiente libero. Eos nihil neque nam omnis vel.');
INSERT INTO `artist` (`id_artist`, `name`, `description`) VALUES (87, 'Lily Mosciski III', '');
INSERT INTO `artist` (`id_artist`, `name`, `description`) VALUES (88, 'Elijah Mertz', 'Itaque omnis sapiente eius quibusdam. Saepe ut voluptas non eos placeat. Soluta ad at ipsa.');
INSERT INTO `artist` (`id_artist`, `name`, `description`) VALUES (89, 'Aubree Donnelly', '');
INSERT INTO `artist` (`id_artist`, `name`, `description`) VALUES (90, 'Katelin Farrell', 'Molestiae blanditiis et voluptas fugiat in pariatur quae. Sit quidem sit dolorum vel. Quaerat facere nihil velit hic omnis et et. Sed ut iusto laboriosam nulla explicabo dolorum. Vel ipsam eum omnis qui qui ut libero.');
INSERT INTO `artist` (`id_artist`, `name`, `description`) VALUES (91, 'Myrna Swift DDS', 'Hic quia temporibus reprehenderit nobis inventore sed. Dolorem possimus nulla non. Ut laborum velit nisi dolorem voluptatem autem ratione. Dolores qui et omnis et fugiat.');
INSERT INTO `artist` (`id_artist`, `name`, `description`) VALUES (92, 'Shanel Krajcik V', 'Amet eveniet quibusdam non neque non. Quo consectetur odit impedit iste expedita alias.');
INSERT INTO `artist` (`id_artist`, `name`, `description`) VALUES (93, 'Kristofer Rempel', '');
INSERT INTO `artist` (`id_artist`, `name`, `description`) VALUES (94, 'Miss Addie Gerhold PhD', 'Et quis qui nesciunt non id. Ab tenetur voluptatem enim fuga a non eos. Distinctio sed est sit id. Sint quis sed sunt hic enim suscipit saepe exercitationem.');
INSERT INTO `artist` (`id_artist`, `name`, `description`) VALUES (95, 'Freeman Aufderhar', '');
INSERT INTO `artist` (`id_artist`, `name`, `description`) VALUES (96, 'Monserrat Ratke IV', 'Ullam quos tempora laboriosam in. Dolores est perspiciatis excepturi eos sint dolorem. Consequatur omnis sunt ut voluptatem nobis cupiditate possimus nihil. Veritatis numquam aspernatur quo et.');
INSERT INTO `artist` (`id_artist`, `name`, `description`) VALUES (97, 'Karli Koss DVM', 'Facilis quo illo ut molestias ullam. Facilis non quae ut earum quis. Enim ut officiis aut dignissimos aliquid saepe. Nam maiores quibusdam at iusto voluptas.');
INSERT INTO `artist` (`id_artist`, `name`, `description`) VALUES (98, 'Maynard Wiegand', 'Rerum totam rerum aut molestiae temporibus. Dolore deleniti porro at aut. Dolore beatae aliquam dolor est delectus occaecati quia eaque. Et a quisquam nostrum dolor.');
INSERT INTO `artist` (`id_artist`, `name`, `description`) VALUES (99, 'Mr. Jerome Considine PhD', '');
INSERT INTO `artist` (`id_artist`, `name`, `description`) VALUES (100, 'Ansel McDermott', '');

drop table if exists `genre`;
create table if not exists `genre` (
id_genre int auto_increment not null unique,
name char(55)
);

INSERT INTO `genre` (`id_genre`, `name`) VALUES (1, 'indie');
INSERT INTO `genre` (`id_genre`, `name`) VALUES (2, 'rap');
INSERT INTO `genre` (`id_genre`, `name`) VALUES (3, 'rock');
INSERT INTO `genre` (`id_genre`, `name`) VALUES (4, 'punk');
INSERT INTO `genre` (`id_genre`, `name`) VALUES (5, 'alternative');

drop table if exists `album`;
create table if not exists `album` (
id_album int primary key auto_increment not null unique,
name char(255) not null unique,
description text,
`date` date not null,
duration int not null,
artist_id int not null,
genre_id int not null,
foreign key (`artist_id`) references `artist` (`id_artist`),
foreign key (`genre_id`) references `genre` (`id_genre`)
);

INSERT INTO `album` (`id_album`, `name`, `description`, `date`, `duration`, `artist_id`, `genre_id`) VALUES (1, 'ut', 'At sunt eius consequatur culpa non. Dolorem rerum illo iure ipsa libero aut. In deserunt beatae qui et. Sit fugiat repellendus voluptatem repellendus.', '2017-07-27', 85, 25, 5);
INSERT INTO `album` (`id_album`, `name`, `description`, `date`, `duration`, `artist_id`, `genre_id`) VALUES (2, 'aut', 'Et accusantium ut qui veniam eius. Excepturi voluptates quisquam et. Deserunt odio beatae eum. Veritatis a et et saepe perferendis hic quia consequatur.', '1995-01-10', 185, 61, 3);
INSERT INTO `album` (`id_album`, `name`, `description`, `date`, `duration`, `artist_id`, `genre_id`) VALUES (3, 'dolorem', 'Fuga magnam earum perspiciatis omnis. Consequuntur ipsa eum maiores sunt delectus quia. Et in ratione sint.', '2012-04-29', 60, 32, 2);
INSERT INTO `album` (`id_album`, `name`, `description`, `date`, `duration`, `artist_id`, `genre_id`) VALUES (4, 'fugiat', 'Laborum delectus et voluptatem nulla. Ex libero laboriosam est et sunt in qui. Distinctio corporis veniam cupiditate blanditiis quas et. Quisquam vel nihil aspernatur dolor dicta.', '1979-10-23', 48, 97, 2);
INSERT INTO `album` (`id_album`, `name`, `description`, `date`, `duration`, `artist_id`, `genre_id`) VALUES (5, 'animi', 'Quo soluta laboriosam eius vitae quis ipsam nobis. Reiciendis corrupti fuga et repudiandae sapiente voluptates magni. Libero consequatur eligendi quas perferendis fuga nihil aliquid quaerat.', '2006-12-18', 88, 61, 4);
INSERT INTO `album` (`id_album`, `name`, `description`, `date`, `duration`, `artist_id`, `genre_id`) VALUES (6, 'quasi', 'Repellat modi tenetur nam est. Et expedita recusandae debitis in labore nesciunt. Perspiciatis nihil pariatur eaque. Fuga est qui iste quas blanditiis vel qui.', '1978-01-18', 130, 12, 3);
INSERT INTO `album` (`id_album`, `name`, `description`, `date`, `duration`, `artist_id`, `genre_id`) VALUES (7, 'consequuntur', 'Amet ad ratione est eius labore ipsam non distinctio. Facilis accusamus et et ut temporibus. Necessitatibus iusto omnis ducimus aut ipsa.', '1994-05-27', 152, 32, 3);
INSERT INTO `album` (`id_album`, `name`, `description`, `date`, `duration`, `artist_id`, `genre_id`) VALUES (8, 'asperiores', 'Nisi expedita magni aut tempora pariatur et. Enim deleniti voluptas iusto quidem saepe aut dignissimos. Aliquid quis at pariatur fugit. Dignissimos dicta et dolor pariatur quia tempora veritatis.', '2004-07-26', 39, 94, 4);
INSERT INTO `album` (`id_album`, `name`, `description`, `date`, `duration`, `artist_id`, `genre_id`) VALUES (9, 'voluptas', 'Tempore animi deserunt excepturi necessitatibus doloremque. Atque fugit rerum in. Esse commodi at non pariatur laudantium et itaque. Atque dolor quae quos assumenda dicta culpa modi.', '1976-07-03', 156, 55, 4);
INSERT INTO `album` (`id_album`, `name`, `description`, `date`, `duration`, `artist_id`, `genre_id`) VALUES (10, 'cu', 'Qui commodi aut perspiciatis fuga. Excepturi velit dolores deleniti animi aut animi. Beatae ut minus autem. Sed non temporibus quae et.', '1989-01-12', 158, 76, 5);
INSERT INTO `album` (`id_album`, `name`, `description`, `date`, `duration`, `artist_id`, `genre_id`) VALUES (11, 'repellat', 'Necessitatibus illo consectetur praesentium cum autem sunt culpa. Voluptas non explicabo laborum suscipit ullam quas. Illum magni et asperiores nihil dolorem et aut consequatur. Repellat dolores et ut.', '1971-10-11', 140, 51, 5);
INSERT INTO `album` (`id_album`, `name`, `description`, `date`, `duration`, `artist_id`, `genre_id`) VALUES (12, 'repudiandae', 'Quasi quia illo delectus assumenda cum officiis eum. Aut in dignissimos est sint molestiae optio ad. Qui quisquam eos est velit adipisci et. Est voluptatem odio accusamus quasi.', '1993-03-18', 90, 22, 2);
INSERT INTO `album` (`id_album`, `name`, `description`, `date`, `duration`, `artist_id`, `genre_id`) VALUES (13, 'itaque', 'Harum nostrum veritatis et itaque repellendus rerum. Quis ducimus ex deserunt quaerat quia. Consequatur voluptatem quis aliquam minus et.', '1974-02-17', 69, 9, 4);
INSERT INTO `album` (`id_album`, `name`, `description`, `date`, `duration`, `artist_id`, `genre_id`) VALUES (14, 'molestiae', 'Ipsam quaerat repudiandae perferendis eveniet fugiat commodi doloribus velit. Quia et et consequatur dolor autem et. Rerum et aut voluptatem. Delectus ratione ut numquam rerum quae.', '2003-08-09', 5, 6, 4);
INSERT INTO `album` (`id_album`, `name`, `description`, `date`, `duration`, `artist_id`, `genre_id`) VALUES (15, 'hic', 'Voluptatem officiis sunt quod. Odit quod optio et ut quia. Nostrum porro molestiae soluta eaque consequatur.', '1991-07-04', 57, 80, 1);
INSERT INTO `album` (`id_album`, `name`, `description`, `date`, `duration`, `artist_id`, `genre_id`) VALUES (16, 'laborum', 'Veniam vitae vero iste debitis. Repellat qui corrupti ipsa facere. Alias ipsam consequatur sed ullam optio expedita. Deserunt minima aut asperiores odit explicabo.', '2000-05-12', 92, 11, 2);
INSERT INTO `album` (`id_album`, `name`, `description`, `date`, `duration`, `artist_id`, `genre_id`) VALUES (17, 'facere', 'Enim reiciendis eligendi debitis illo in qui voluptate. Esse dolores ea similique. Qui voluptates ipsum ut nihil.', '1991-12-04', 155, 20, 5);
INSERT INTO `album` (`id_album`, `name`, `description`, `date`, `duration`, `artist_id`, `genre_id`) VALUES (18, 'dolores', 'Omnis voluptates aut doloremque et. Et impedit iste sit necessitatibus itaque non. Eligendi sed quia laboriosam. Eum nostrum quis consequatur est ea autem qui. Expedita quasi iste nihil non est sunt.', '2015-11-13', 65, 76, 3);
INSERT INTO `album` (`id_album`, `name`, `description`, `date`, `duration`, `artist_id`, `genre_id`) VALUES (19, 'qui', 'Repellendus cumque fugiat minus rerum. Ipsam quo autem deleniti. Et dicta animi perspiciatis consectetur aut.', '2022-01-28', 130, 36, 2);
INSERT INTO `album` (`id_album`, `name`, `description`, `date`, `duration`, `artist_id`, `genre_id`) VALUES (20, 'totam', 'Quisquam ut delectus natus sit dicta fugiat. Sunt ut rem dolor ea omnis ipsum dignissimos cumque. Aspernatur est animi sunt earum beatae.', '1982-03-25', 30, 36, 4);
INSERT INTO `album` (`id_album`, `name`, `description`, `date`, `duration`, `artist_id`, `genre_id`) VALUES (21, 'doloremque', 'Eos sed voluptatem nulla sit explicabo. Repudiandae incidunt est expedita earum velit quisquam ex sunt. Autem hic eveniet enim sint dolorem vitae velit.', '1980-06-04', 153, 88, 3);
INSERT INTO `album` (`id_album`, `name`, `description`, `date`, `duration`, `artist_id`, `genre_id`) VALUES (22, 'quod', 'Aut excepturi debitis velit quas qui incidunt molestiae qui. Eveniet saepe corrupti nemo quas qui qui iusto eveniet. Veritatis necessitatibus et non. Iste doloribus blanditiis et itaque aspernatur cumque.', '1981-09-18', 123, 35, 5);
INSERT INTO `album` (`id_album`, `name`, `description`, `date`, `duration`, `artist_id`, `genre_id`) VALUES (23, 'fuga', 'Omnis accusamus neque incidunt tempora. Provident voluptatum sed ipsam sed voluptatem. Expedita odio ut autem quis. Dolor laboriosam illo dignissimos omnis dolorum autem aut nihil. Ipsam officia aspernatur ut libero.', '2005-03-02', 46, 31, 2);
INSERT INTO `album` (`id_album`, `name`, `description`, `date`, `duration`, `artist_id`, `genre_id`) VALUES (24, 'repellendus', 'Eos officia nesciunt sed est non. Amet ea enim et et necessitatibus.', '1989-06-03', 99, 12, 4);
INSERT INTO `album` (`id_album`, `name`, `description`, `date`, `duration`, `artist_id`, `genre_id`) VALUES (25, 'blanditiis', 'Suscipit voluptatum nesciunt aliquid non et illo. Voluptatem tempore harum ratione perferendis. Recusandae rerum recusandae soluta perferendis et recusandae dolorem.', '2020-09-11', 137, 42, 2);
INSERT INTO `album` (`id_album`, `name`, `description`, `date`, `duration`, `artist_id`, `genre_id`) VALUES (26, 'sed', 'Autem necessitatibus ut et error deleniti labore animi delectus. Velit eos maiores voluptas excepturi eaque labore eos. Minus officiis expedita dolorum aut.', '2017-03-25', 122, 99, 4);
INSERT INTO `album` (`id_album`, `name`, `description`, `date`, `duration`, `artist_id`, `genre_id`) VALUES (27, 'consequatur', 'Atque et aliquam qui fugiat. Modi eius qui rerum cum.', '1981-06-02', 61, 91, 1);
INSERT INTO `album` (`id_album`, `name`, `description`, `date`, `duration`, `artist_id`, `genre_id`) VALUES (28, 'dolorum', 'Incidunt quia rerum sapiente velit quia voluptate. Atque repudiandae voluptatem quos delectus qui.', '1983-02-19', 142, 28, 5);
INSERT INTO `album` (`id_album`, `name`, `description`, `date`, `duration`, `artist_id`, `genre_id`) VALUES (29, 'rerum', 'Est fugit et quo aperiam eos vel. Optio possimus aspernatur asperiores consectetur sint mollitia quam. Voluptatum inventore ad voluptatem ut dolor.', '2011-04-07', 179, 99, 3);
INSERT INTO `album` (`id_album`, `name`, `description`, `date`, `duration`, `artist_id`, `genre_id`) VALUES (30, 'id', 'Dolorem nemo expedita aliquam molestias nihil. Iure est sit sunt officiis. Iusto et et deserunt tenetur dolores voluptas aliquid.', '2019-02-20', 160, 23, 1);
INSERT INTO `album` (`id_album`, `name`, `description`, `date`, `duration`, `artist_id`, `genre_id`) VALUES (31, 'tempore', 'Quia odio nam a odio natus suscipit et. Doloribus sit qui quod veritatis. Ullam eos quis consequatur quaerat numquam facilis. Error aut magnam aut dolorum.', '1986-01-01', 13, 25, 1);
INSERT INTO `album` (`id_album`, `name`, `description`, `date`, `duration`, `artist_id`, `genre_id`) VALUES (32, 'et', 'Tempora et odit corrupti eveniet vel. Natus in magnam doloremque eos. Sunt et ipsa aspernatur quod et. Expedita temporibus aut laboriosam voluptate temporibus.', '2022-12-04', 156, 80, 2);
INSERT INTO `album` (`id_album`, `name`, `description`, `date`, `duration`, `artist_id`, `genre_id`) VALUES (33, 'aperiam', 'Eaque quibusdam omnis praesentium nulla soluta beatae quae. Veritatis officiis culpa expedita cum eligendi iste. Eum quibusdam ut beatae laudantium ut ipsam voluptatem dolorum. Distinctio facilis architecto cumque sed ipsam.', '2005-04-02', 168, 67, 5);
INSERT INTO `album` (`id_album`, `name`, `description`, `date`, `duration`, `artist_id`, `genre_id`) VALUES (34, 'esse', 'Maxime eos officiis error ipsa. Earum cum autem aut odio sed possimus. Ea ad est eum laborum eos assumenda.', '1987-01-27', 84, 38, 2);
INSERT INTO `album` (`id_album`, `name`, `description`, `date`, `duration`, `artist_id`, `genre_id`) VALUES (35, 'minus', 'Nam consequatur suscipit magni quos est quas. Aut qui fugit aut rerum possimus rerum natus. Suscipit aut incidunt numquam ut. Beatae ipsam quod itaque ab laboriosam.', '1991-10-26', 78, 74, 4);
INSERT INTO `album` (`id_album`, `name`, `description`, `date`, `duration`, `artist_id`, `genre_id`) VALUES (36, 'sit', 'Recusandae soluta sit molestias voluptatem laudantium. Hic aspernatur inventore deserunt earum. Aut optio maiores aut necessitatibus consequatur cum nihil. Quaerat cupiditate et dolorum ipsam dignissimos voluptatem et.', '2002-11-29', 42, 13, 5);
INSERT INTO `album` (`id_album`, `name`, `description`, `date`, `duration`, `artist_id`, `genre_id`) VALUES (37, 'praesentium', 'Provident sed illo nihil sed. Natus sed omnis enim est possimus nam accusamus. Perferendis qui sint quis sint doloribus cupiditate. Totam et quis ut voluptatem aut distinctio.', '1981-08-27', 199, 51, 2);
INSERT INTO `album` (`id_album`, `name`, `description`, `date`, `duration`, `artist_id`, `genre_id`) VALUES (38, 'quo', 'Sunt porro dolor consequatur nihil et sequi. Impedit et delectus ipsum accusantium est aut quam incidunt. Ullam qui cumque qui et. Ipsum quo delectus sunt consectetur.', '1991-12-15', 140, 41, 2);
INSERT INTO `album` (`id_album`, `name`, `description`, `date`, `duration`, `artist_id`, `genre_id`) VALUES (39, 'velit', 'Facilis hic ullam laborum modi. Magnam sapiente dolorum ratione delectus saepe ex quibusdam. Illum quisquam et aut natus et cum et.', '2010-11-05', 14, 89, 3);
INSERT INTO `album` (`id_album`, `name`, `description`, `date`, `duration`, `artist_id`, `genre_id`) VALUES (40, 'ducimus', 'Non alias aut quo et. Suscipit dolorem et totam sapiente est nostrum voluptatem praesentium. Iste nesciunt tempora quo optio. Commodi consequuntur hic ut quia ut voluptatem nam qui.', '1976-09-10', 179, 76, 5);
INSERT INTO `album` (`id_album`, `name`, `description`, `date`, `duration`, `artist_id`, `genre_id`) VALUES (41, 'reprehenderit', 'Sed quisquam repudiandae vitae sit perferendis eum vero. Maiores quis veritatis sunt aut eum sit aut. Quia dignissimos qui quibusdam cumque minus autem. Corrupti alias iste expedita dolor qui rerum.', '2008-08-03', 37, 90, 2);
INSERT INTO `album` (`id_album`, `name`, `description`, `date`, `duration`, `artist_id`, `genre_id`) VALUES (42, 'sapiente', 'Rem sunt unde vero odio molestias aperiam magni. Blanditiis consequatur et possimus optio iure assumenda nulla qui. Rem eaque accusantium dolorem sed animi delectus rerum quaerat. Ea reprehenderit et qui facilis.', '1975-12-01', 179, 8, 3);
INSERT INTO `album` (`id_album`, `name`, `description`, `date`, `duration`, `artist_id`, `genre_id`) VALUES (43, 'dolore', 'Vitae molestias quae cumque sed dolorem id et est. Autem optio perferendis aut sed et est. Vel omnis nostrum modi dolorem autem atque. Sint eius rem ut blanditiis in.', '1986-11-04', 149, 50, 5);
INSERT INTO `album` (`id_album`, `name`, `description`, `date`, `duration`, `artist_id`, `genre_id`) VALUES (44, 'vero', 'Laborum harum pariatur deserunt et odio ut. Commodi id rerum soluta id fugit ea minus enim. Aliquam voluptas a alias nihil sed veritatis aut dolores.', '2013-04-16', 80, 49, 3);
INSERT INTO `album` (`id_album`, `name`, `description`, `date`, `duration`, `artist_id`, `genre_id`) VALUES (45, 'iste', 'Rem molestias quas asperiores possimus aut id. Aut porro consequatur reiciendis corporis illum aliquam quaerat. Dolor qui mollitia laudantium quas quo explicabo asperiores.', '1984-08-14', 101, 28, 3);
INSERT INTO `album` (`id_album`, `name`, `description`, `date`, `duration`, `artist_id`, `genre_id`) VALUES (46, 'commodi', 'Id enim omnis deleniti omnis repellendus dolor. Cupiditate ex omnis ipsum odit. Nobis voluptas ut omnis.', '1970-09-18', 54, 36, 5);
INSERT INTO `album` (`id_album`, `name`, `description`, `date`, `duration`, `artist_id`, `genre_id`) VALUES (47, 'optio', 'Fuga corrupti aperiam ut porro ipsum explicabo pariatur. Molestias ut dignissimos in ut numquam aperiam nihil. At culpa laboriosam impedit voluptatibus neque laborum nisi. Ipsum praesentium reprehenderit ut molestias. Est pariatur earum eum.', '2020-03-08', 78, 66, 1);
INSERT INTO `album` (`id_album`, `name`, `description`, `date`, `duration`, `artist_id`, `genre_id`) VALUES (48, 'sunt', 'Voluptatibus error deleniti dolores molestiae quia. Molestiae rerum qui fugiat aut. Doloribus eligendi id nemo eligendi sunt velit qui. Suscipit excepturi voluptate placeat.', '1976-04-24', 145, 9, 4);
INSERT INTO `album` (`id_album`, `name`, `description`, `date`, `duration`, `artist_id`, `genre_id`) VALUES (49, 'voluptate', 'Repellat laudantium commodi corporis occaecati. Vel quo amet maiores labore et culpa. Et nihil et et qui hic minima aut. Pariatur sequi tempora dignissimos et repellendus quibusdam.', '1983-07-30', 187, 26, 3);
INSERT INTO `album` (`id_album`, `name`, `description`, `date`, `duration`, `artist_id`, `genre_id`) VALUES (50, 'reiciendis', 'Qui dolorum omnis velit error natus illum occaecati. Sint qui repudiandae mollitia eius eum. Facere beatae natus nemo asperiores est facere velit. Pariatur veniam corrupti mollitia minima omnis tempore.', '1981-08-05', 181, 57, 1);
INSERT INTO `album` (`id_album`, `name`, `description`, `date`, `duration`, `artist_id`, `genre_id`) VALUES (51, 'voluptatem', 'Repellendus iusto sed dolore doloremque omnis est iusto. Dicta autem hic amet et aperiam dolor.', '1982-02-03', 159, 26, 4);
INSERT INTO `album` (`id_album`, `name`, `description`, `date`, `duration`, `artist_id`, `genre_id`) VALUES (52, 'nihil', 'Ipsum molestiae voluptatibus quia harum quia doloribus omnis consectetur. Nostrum voluptatibus enim aut rerum ipsa doloribus ut. Occaecati sequi maiores sunt dolores similique. Consequatur quae est dignissimos et aut excepturi.', '1985-04-16', 118, 88, 1);
INSERT INTO `album` (`id_album`, `name`, `description`, `date`, `duration`, `artist_id`, `genre_id`) VALUES (53, 'perferendis', 'Iusto doloribus assumenda nostrum similique. Deserunt voluptatem eum nesciunt accusantium.', '1994-09-07', 149, 73, 3);
INSERT INTO `album` (`id_album`, `name`, `description`, `date`, `duration`, `artist_id`, `genre_id`) VALUES (54, 'eaque', 'Quia quae ipsam amet accusantium numquam. Error ea itaque in quis quia accusantium sapiente. Officia quia quaerat et enim aut voluptatem. Aut qui fugiat aut doloribus. Eligendi harum numquam quasi.', '1999-03-23', 165, 21, 2);
INSERT INTO `album` (`id_album`, `name`, `description`, `date`, `duration`, `artist_id`, `genre_id`) VALUES (55, 'odit', 'Voluptatem accusantium tempore dignissimos culpa nemo veniam. Laboriosam tenetur consequuntur quae ut perferendis sed beatae sit. Facere eaque minima natus sequi aperiam.', '1974-04-30', 23, 72, 3);
INSERT INTO `album` (`id_album`, `name`, `description`, `date`, `duration`, `artist_id`, `genre_id`) VALUES (56, 'similique', 'Vitae aspernatur totam similique est. Velit recusandae deserunt perspiciatis ut. Quo non in totam facilis. Fuga laboriosam aliquid nemo minima pariatur ut consectetur. Neque et non in cupiditate et eligendi.', '2023-04-28', 98, 57, 4);
INSERT INTO `album` (`id_album`, `name`, `description`, `date`, `duration`, `artist_id`, `genre_id`) VALUES (57, 'quas', 'Numquam accusamus sunt rerum earum ut. Ullam cupiditate et aut. Non fuga a laborum nisi modi aut officia.', '1986-04-01', 60, 77, 3);
INSERT INTO `album` (`id_album`, `name`, `description`, `date`, `duration`, `artist_id`, `genre_id`) VALUES (58, 'non', 'Vel voluptates dignissimos omnis dignissimos odit autem. Aperiam quia inventore quaerat tenetur totam voluptates. Officiis asperiores dolor est quam laboriosam delectus necessitatibus.', '2020-03-06', 49, 30, 1);
INSERT INTO `album` (`id_album`, `name`, `description`, `date`, `duration`, `artist_id`, `genre_id`) VALUES (59, 'expedita', 'Modi ex exercitationem excepturi in qui eaque. A modi voluptas voluptates magni. Autem quis sit error.', '1981-03-02', 124, 68, 2);
INSERT INTO `album` (`id_album`, `name`, `description`, `date`, `duration`, `artist_id`, `genre_id`) VALUES (60, 'iure', 'Consequatur ipsum est maxime voluptatem dolorem qui. Modi eveniet quod sit earum reiciendis distinctio. Recusandae adipisci sint quisquam exercitationem id.', '1998-02-16', 126, 48, 5);
INSERT INTO `album` (`id_album`, `name`, `description`, `date`, `duration`, `artist_id`, `genre_id`) VALUES (61, 'est', 'Laboriosam odit id reprehenderit voluptatem molestias. Vel similique quia at et facilis velit aut.', '1998-12-05', 30, 55, 5);
INSERT INTO `album` (`id_album`, `name`, `description`, `date`, `duration`, `artist_id`, `genre_id`) VALUES (62, 'enim', 'Ad vel eaque officia odit accusamus ullam quae. Repellat et qui sed sunt. Itaque facilis veniam dolor reprehenderit et nostrum a.', '1986-02-16', 110, 89, 5);
INSERT INTO `album` (`id_album`, `name`, `description`, `date`, `duration`, `artist_id`, `genre_id`) VALUES (63, 'aspernatur', 'Sit libero consequuntur temporibus temporibus animi sit. Fugit et cupiditate quia maxime. Sit expedita atque quam quo qui.', '2000-12-05', 13, 71, 1);
INSERT INTO `album` (`id_album`, `name`, `description`, `date`, `duration`, `artist_id`, `genre_id`) VALUES (64, 'accusamus', 'Consequatur alias sit tempore. Ducimus qui velit recusandae accusantium quis blanditiis cumque et. Dolorum voluptatem nulla voluptas et non odit distinctio. Reiciendis consequuntur eos numquam nemo.', '1988-04-19', 135, 38, 1);
INSERT INTO `album` (`id_album`, `name`, `description`, `date`, `duration`, `artist_id`, `genre_id`) VALUES (65, 'quos', 'Minus blanditiis facere accusantium numquam ducimus quaerat qui. Sed rem quis perspiciatis facilis hic quasi. Dolores quibusdam aliquid expedita nulla exercitationem ipsa sunt voluptatem.', '1977-03-12', 110, 26, 5);
INSERT INTO `album` (`id_album`, `name`, `description`, `date`, `duration`, `artist_id`, `genre_id`) VALUES (66, 'maxime', 'Autem culpa debitis necessitatibus possimus natus cum. Quam earum vel amet sit quasi consectetur ex. Velit quam culpa tempora esse quibusdam placeat voluptatum. Vero temporibus sed a et laborum iusto.', '2017-10-26', 100, 12, 1);
INSERT INTO `album` (`id_album`, `name`, `description`, `date`, `duration`, `artist_id`, `genre_id`) VALUES (67, 'assumenda', 'Voluptatem aut iure nobis quis facere. Quia voluptatem blanditiis ipsam reprehenderit. Ut reprehenderit incidunt quo molestias libero sed.', '2013-03-04', 65, 63, 5);
INSERT INTO `album` (`id_album`, `name`, `description`, `date`, `duration`, `artist_id`, `genre_id`) VALUES (68, 'in', 'Qui illum dolorum tempora quo. Iste sapiente ipsa voluptatem commodi cum rem. Ad autem quia voluptas dolor. Mollitia aut beatae ea ipsam quia.', '2023-09-05', 16, 58, 4);
INSERT INTO `album` (`id_album`, `name`, `description`, `date`, `duration`, `artist_id`, `genre_id`) VALUES (69, 'atque', 'Fuga est nemo veniam eius quos qui. Quae a earum ut architecto eveniet qui. Omnis optio sequi et laudantium veritatis. Nostrum omnis tempora repellat quo.', '2022-11-18', 190, 34, 2);
INSERT INTO `album` (`id_album`, `name`, `description`, `date`, `duration`, `artist_id`, `genre_id`) VALUES (70, 'aliquid', 'Inventore at enim atque nemo laudantium blanditiis. Inventore repellat quam id et et fuga distinctio aut. Eligendi sed qui voluptatum voluptas autem quisquam.', '1979-11-28', 7, 60, 2);
INSERT INTO `album` (`id_album`, `name`, `description`, `date`, `duration`, `artist_id`, `genre_id`) VALUES (71, 'vitae', 'Aut et officia vel doloribus excepturi est voluptas. Asperiores fuga quos earum. Aperiam cumque dolor facere optio.', '1975-06-06', 54, 71, 5);
INSERT INTO `album` (`id_album`, `name`, `description`, `date`, `duration`, `artist_id`, `genre_id`) VALUES (72, 'sint', 'Exercitationem in non occaecati laboriosam modi voluptas. Deserunt et esse autem eum voluptatibus illum excepturi. Quaerat qui exercitationem itaque qui rerum assumenda.', '1983-04-04', 69, 81, 5);
INSERT INTO `album` (`id_album`, `name`, `description`, `date`, `duration`, `artist_id`, `genre_id`) VALUES (73, 'corporis', 'Et aut quo autem dicta et ut rerum. Quaerat adipisci distinctio dolore molestiae numquam dolorum et. Aut quibusdam iste ut et aut temporibus. Ut laudantium deserunt excepturi harum nihil est.', '1974-06-11', 14, 9, 2);
INSERT INTO `album` (`id_album`, `name`, `description`, `date`, `duration`, `artist_id`, `genre_id`) VALUES (74, 'quis', 'Dolore aliquid vel harum. Dicta assumenda dicta est dolores sed eos quis itaque. Quisquam saepe maiores ipsam autem commodi.', '2005-05-09', 185, 6, 2);
INSERT INTO `album` (`id_album`, `name`, `description`, `date`, `duration`, `artist_id`, `genre_id`) VALUES (75, 'labore', 'Numquam vero ratione temporibus similique voluptas. Nihil impedit nihil molestiae optio rerum rerum. Labore porro nam consequatur aliquam.', '2019-11-12', 144, 50, 1);
INSERT INTO `album` (`id_album`, `name`, `description`, `date`, `duration`, `artist_id`, `genre_id`) VALUES (76, 'quaerat', 'Qui ullam ad facilis exercitationem dolorem voluptatem vel. Voluptatem iusto voluptatem ipsum tenetur voluptas dignissimos. Vitae quos quibusdam molestiae placeat quisquam veritatis. Non perspiciatis unde et aut totam illum vero vitae.', '2012-09-25', 53, 45, 1);
INSERT INTO `album` (`id_album`, `name`, `description`, `date`, `duration`, `artist_id`, `genre_id`) VALUES (77, 'nostrum', 'Inventore quia at est nostrum qui et consectetur. Rerum eius optio aut enim dolor maxime fugit qui. Ducimus nihil rerum deleniti ad.', '2023-07-24', 182, 10, 2);
INSERT INTO `album` (`id_album`, `name`, `description`, `date`, `duration`, `artist_id`, `genre_id`) VALUES (78, 'harum', 'Dolor enim magni expedita iste placeat veniam dicta. Et voluptas perspiciatis dolores aspernatur voluptas ullam id. Alias blanditiis recusandae earum rem odio. Ad quas natus quia quis et minus dolore.', '1981-02-26', 122, 3, 4);
INSERT INTO `album` (`id_album`, `name`, `description`, `date`, `duration`, `artist_id`, `genre_id`) VALUES (79, 'deserunt', 'Sunt rerum sint quo. Laboriosam illo cum doloremque illo id possimus. Suscipit eius sapiente sit nobis.', '2008-10-14', 29, 83, 3);
INSERT INTO `album` (`id_album`, `name`, `description`, `date`, `duration`, `artist_id`, `genre_id`) VALUES (80, 'debitis', 'Suscipit veniam ratione rerum eaque occaecati. Voluptatem tempore fugiat ut eveniet. Voluptates laboriosam sint veritatis et placeat non.', '2018-01-13', 197, 72, 1);
INSERT INTO `album` (`id_album`, `name`, `description`, `date`, `duration`, `artist_id`, `genre_id`) VALUES (81, 'at', 'Itaque provident rerum repellendus distinctio cumque voluptatum quae. Amet sint labore ratione reprehenderit voluptatum qui. Maxime officia illum ratione et autem et saepe. Aut libero unde consectetur ad voluptatum temporibus.', '2017-08-28', 153, 61, 5);
INSERT INTO `album` (`id_album`, `name`, `description`, `date`, `duration`, `artist_id`, `genre_id`) VALUES (82, 'libero', 'Aut ut quo ut aut incidunt est deleniti ut. Maiores sit quidem non dignissimos quia et. Nulla reprehenderit maiores sint nihil. Alias aut est ea in.', '2015-09-11', 162, 20, 4);
INSERT INTO `album` (`id_album`, `name`, `description`, `date`, `duration`, `artist_id`, `genre_id`) VALUES (83, 'maiores', 'Est adipisci voluptas eum pariatur velit. Aspernatur voluptas sunt ducimus aut. Ratione sequi eveniet minus enim voluptas.', '2012-11-22', 8, 16, 1);
INSERT INTO `album` (`id_album`, `name`, `description`, `date`, `duration`, `artist_id`, `genre_id`) VALUES (84, 'a', 'Atque sit harum animi. Quis porro velit voluptatibus. Nobis nostrum dicta facere culpa. Accusantium consectetur eligendi saepe eveniet quam fugit tempore.', '2009-02-18', 93, 8, 4);
INSERT INTO `album` (`id_album`, `name`, `description`, `date`, `duration`, `artist_id`, `genre_id`) VALUES (85, 'eveniet', 'Aut non ut ducimus est quia. Optio rerum fuga praesentium tempore et et incidunt.', '2006-12-14', 154, 20, 4);
INSERT INTO `album` (`id_album`, `name`, `description`, `date`, `duration`, `artist_id`, `genre_id`) VALUES (86, 'nemo', 'Autem ut quo ipsam sunt saepe. Eveniet rerum temporibus optio occaecati. Vitae et qui quos omnis est minima harum doloribus. Aut nam voluptas rerum eaque aut numquam.', '2016-12-25', 35, 71, 1);
INSERT INTO `album` (`id_album`, `name`, `description`, `date`, `duration`, `artist_id`, `genre_id`) VALUES (87, 'natus', 'Ratione ex voluptatem et cumque. Assumenda facere voluptates et repellendus quo. Maxime tenetur veniam quibusdam voluptas. Omnis vero laboriosam aut quia earum iusto et.', '1980-12-12', 54, 31, 3);
INSERT INTO `album` (`id_album`, `name`, `description`, `date`, `duration`, `artist_id`, `genre_id`) VALUES (88, 'eum', 'Autem et ducimus veritatis excepturi maxime provident. Dolorum et illo error quaerat minima. Beatae occaecati totam nesciunt commodi. Inventore soluta ut quas voluptatibus dicta.', '2006-05-18', 162, 45, 4);
INSERT INTO `album` (`id_album`, `name`, `description`, `date`, `duration`, `artist_id`, `genre_id`) VALUES (89, 'illo', 'Doloremque quia iure nulla quo necessitatibus sint. Quos quasi necessitatibus illum voluptatem. Cupiditate occaecati unde harum.', '2007-10-31', 56, 37, 5);
INSERT INTO `album` (`id_album`, `name`, `description`, `date`, `duration`, `artist_id`, `genre_id`) VALUES (90, 'minima', 'Totam aliquam ut sint quisquam voluptate ipsa. Cum qui facere est maxime tenetur ut rerum. Aut ullam et quaerat delectus quas consectetur ullam.', '2000-03-23', 22, 46, 1);
INSERT INTO `album` (`id_album`, `name`, `description`, `date`, `duration`, `artist_id`, `genre_id`) VALUES (91, 'distinctio', 'Suscipit iusto voluptas sed eveniet dolorem. Enim aut voluptates eius voluptatibus. Nemo aliquam quaerat beatae cumque qui quis saepe. Blanditiis aut magnam fugiat voluptas explicabo fugiat qui.', '1985-10-25', 199, 93, 2);
INSERT INTO `album` (`id_album`, `name`, `description`, `date`, `duration`, `artist_id`, `genre_id`) VALUES (92, 'omnis', 'Neque optio exercitationem temporibus incidunt eligendi repellendus. Nesciunt dolor molestiae est rerum quis omnis. Similique aperiam dolores quia molestiae consequatur ut quia.', '2004-05-31', 155, 87, 5);
INSERT INTO `album` (`id_album`, `name`, `description`, `date`, `duration`, `artist_id`, `genre_id`) VALUES (93, 'odio', 'Blanditiis et ea vel perspiciatis laborum recusandae ipsam. Sunt aut necessitatibus quam itaque omnis sit quia. Est corrupti maxime laborum sit explicabo ut.', '1985-12-01', 118, 58, 3);
INSERT INTO `album` (`id_album`, `name`, `description`, `date`, `duration`, `artist_id`, `genre_id`) VALUES (94, 'tenetur', 'Et omnis ipsa totam officiis ipsa. Rerum consequuntur maxime expedita sunt. Ea similique consequatur sequi velit asperiores. Consequuntur cupiditate sed necessitatibus illo enim aut sit.', '2013-02-20', 179, 2, 5);
INSERT INTO `album` (`id_album`, `name`, `description`, `date`, `duration`, `artist_id`, `genre_id`) VALUES (95, 'occaecati', 'Amet voluptas quasi non aut architecto quod quam. Omnis explicabo quod dolorem dolores dignissimos nihil odit.', '1974-09-14', 135, 69, 5);
INSERT INTO `album` (`id_album`, `name`, `description`, `date`, `duration`, `artist_id`, `genre_id`) VALUES (96, 'quia', 'Voluptas culpa rerum ducimus magni. Ut a quis ad aut velit omnis. Dolore quo molestiae similique ea voluptas rerum. Quia sed nihil hic.', '2002-08-10', 170, 35, 5);
INSERT INTO `album` (`id_album`, `name`, `description`, `date`, `duration`, `artist_id`, `genre_id`) VALUES (97, 'vel', 'Et ex autem omnis. Vel dolor tempore sit aut impedit. Delectus voluptatem aut nulla qui esse qui aspernatur.', '1972-01-22', 12, 61, 4);
INSERT INTO `album` (`id_album`, `name`, `description`, `date`, `duration`, `artist_id`, `genre_id`) VALUES (98, 'inventore', 'Ut est nihil rerum accusantium est voluptatem. Tenetur temporibus tempora mollitia fuga quia. Blanditiis error praesentium consectetur nihil corporis suscipit aut. Quisquam omnis reiciendis quia voluptas quasi sed.', '1990-12-16', 45, 57, 5);
INSERT INTO `album` (`id_album`, `name`, `description`, `date`, `duration`, `artist_id`, `genre_id`) VALUES (99, 'illum', 'Sapiente fuga id et odio non voluptatum. Velit ab quis quibusdam nobis quia voluptas officia. Vel cum facilis pariatur. Quisquam at ipsa corporis eum magni quasi officia rerum. Est natus repellat quasi est eveniet eveniet sint reiciendis.', '2022-06-22', 147, 9, 2);
INSERT INTO `album` (`id_album`, `name`, `description`, `date`, `duration`, `artist_id`, `genre_id`) VALUES (100, 'tempora', 'Fugit quo est molestiae labore sunt. Dolore dicta voluptatem et. Et enim voluptate voluptatem omnis voluptas. Aut dolores est iure hic. Et aut possimus et quia enim non nam.', '2013-01-02', 158, 29, 1);


drop table if exists `song`;
create table if not exists `song` (
id_song int primary key auto_increment not null unique,
name char(255) not null unique,
`date` date not null,
duration int not null,
lyrics text,
artist_id int not null,
genre_id int not null,
foreign key (`artist_id`) references `artist` (`id_artist`),
foreign key (`genre_id`) references `genre` (`id_genre`)
);

INSERT INTO `song` (`id_song`, `name`, `date`, `duration`, `lyrics`, `artist_id`, `genre_id`) VALUES (1, 'animi', '1980-06-10', 12, ' ', 86, 5);
INSERT INTO `song` (`id_song`, `name`, `date`, `duration`, `lyrics`, `artist_id`, `genre_id`) VALUES (2, 'black heart', '1999-01-13', 5, ' ', 13, 3);
INSERT INTO `song` (`id_song`, `name`, `date`, `duration`, `lyrics`, `artist_id`, `genre_id`) VALUES (3, 'we are', '1975-02-04', 3, ' ', 31, 2);
INSERT INTO `song` (`id_song`, `name`, `date`, `duration`, `lyrics`, `artist_id`, `genre_id`) VALUES (4, 'minima', '1983-09-12', 12, ' ', 67, 4);
INSERT INTO `song` (`id_song`, `name`, `date`, `duration`, `lyrics`, `artist_id`, `genre_id`) VALUES (5, 'ipsum', '1996-01-09', 11, ' ', 58, 4);
INSERT INTO `song` (`id_song`, `name`, `date`, `duration`, `lyrics`, `artist_id`, `genre_id`) VALUES (6, 'anpan', '1981-05-15', 12, ' ', 42, 4);
INSERT INTO `song` (`id_song`, `name`, `date`, `duration`, `lyrics`, `artist_id`, `genre_id`) VALUES (7, 'kuroshitsuji', '1977-11-04', 9, ' ', 40, 2);
INSERT INTO `song` (`id_song`, `name`, `date`, `duration`, `lyrics`, `artist_id`, `genre_id`) VALUES (8, 'senbonzakura', '2014-04-19', 6, ' ', 39, 2);
INSERT INTO `song` (`id_song`, `name`, `date`, `duration`, `lyrics`, `artist_id`, `genre_id`) VALUES (9, 'jojo!', '2007-07-02', 5, ' ', 34, 3);
INSERT INTO `song` (`id_song`, `name`, `date`, `duration`, `lyrics`, `artist_id`, `genre_id`) VALUES (10, 'boys dont cry', '2021-02-03', 11, ' ', 9, 5);
INSERT INTO `song` (`id_song`, `name`, `date`, `duration`, `lyrics`, `artist_id`, `genre_id`) VALUES (11, 'benizakura', '2015-07-31', 9, ' ', 44, 3);
INSERT INTO `song` (`id_song`, `name`, `date`, `duration`, `lyrics`, `artist_id`, `genre_id`) VALUES (12, 'accusantium', '1971-09-19', 11, ' ', 52, 3);
INSERT INTO `song` (`id_song`, `name`, `date`, `duration`, `lyrics`, `artist_id`, `genre_id`) VALUES (13, 'rest', '1977-12-27', 9, ' ', 31, 2);
INSERT INTO `song` (`id_song`, `name`, `date`, `duration`, `lyrics`, `artist_id`, `genre_id`) VALUES (14, 'vstrechnaya', '2005-02-17', 4, ' ', 4, 3);
INSERT INTO `song` (`id_song`, `name`, `date`, `duration`, `lyrics`, `artist_id`, `genre_id`) VALUES (15, 'rolling stars', '1991-02-25', 4, ' ', 24, 2);
INSERT INTO `song` (`id_song`, `name`, `date`, `duration`, `lyrics`, `artist_id`, `genre_id`) VALUES (16, 'melancholy hills', '2002-03-13', 7, ' ', 16, 2);
INSERT INTO `song` (`id_song`, `name`, `date`, `duration`, `lyrics`, `artist_id`, `genre_id`) VALUES (17, 'hanabi', '1984-07-01', 4, ' ', 29, 1);
INSERT INTO `song` (`id_song`, `name`, `date`, `duration`, `lyrics`, `artist_id`, `genre_id`) VALUES (18, 'dolore', '1988-07-21', 10, ' ', 64, 2);
INSERT INTO `song` (`id_song`, `name`, `date`, `duration`, `lyrics`, `artist_id`, `genre_id`) VALUES (19, 'humansuit', '2010-10-26', 3, ' ', 9, 2);
INSERT INTO `song` (`id_song`, `name`, `date`, `duration`, `lyrics`, `artist_id`, `genre_id`) VALUES (20, 'aliquid', '2008-02-15', 10, ' ', 94, 5);
INSERT INTO `song` (`id_song`, `name`, `date`, `duration`, `lyrics`, `artist_id`, `genre_id`) VALUES (21, 'culpa', '1971-07-31', 3, ' ', 55, 3);
INSERT INTO `song` (`id_song`, `name`, `date`, `duration`, `lyrics`, `artist_id`, `genre_id`) VALUES (22, 'omnis', '1997-09-27', 6, ' ', 63, 5);
INSERT INTO `song` (`id_song`, `name`, `date`, `duration`, `lyrics`, `artist_id`, `genre_id`) VALUES (23, 'praesentium', '1997-11-18', 11, ' ', 70, 3);
INSERT INTO `song` (`id_song`, `name`, `date`, `duration`, `lyrics`, `artist_id`, `genre_id`) VALUES (24, 'molodim', '1976-02-10', 7, ' ', 10, 3);
INSERT INTO `song` (`id_song`, `name`, `date`, `duration`, `lyrics`, `artist_id`, `genre_id`) VALUES (25, 'cupiditate', '2019-01-18', 12, ' ', 80, 2);
INSERT INTO `song` (`id_song`, `name`, `date`, `duration`, `lyrics`, `artist_id`, `genre_id`) VALUES (26, 'sea', '2020-11-26', 10, ' ', 2, 3);
INSERT INTO `song` (`id_song`, `name`, `date`, `duration`, `lyrics`, `artist_id`, `genre_id`) VALUES (27, 'saepe', '2005-05-28', 3, ' ', 60, 4);
INSERT INTO `song` (`id_song`, `name`, `date`, `duration`, `lyrics`, `artist_id`, `genre_id`) VALUES (28, 'voluptatum', '2016-06-09', 7, ' ', 89, 3);
INSERT INTO `song` (`id_song`, `name`, `date`, `duration`, `lyrics`, `artist_id`, `genre_id`) VALUES (29, 'ab', '1990-02-16', 8, ' ', 100, 1);
INSERT INTO `song` (`id_song`, `name`, `date`, `duration`, `lyrics`, `artist_id`, `genre_id`) VALUES (30, 'aisberg', '1978-06-01', 6, ' ', 19, 5);
INSERT INTO `song` (`id_song`, `name`, `date`, `duration`, `lyrics`, `artist_id`, `genre_id`) VALUES (31, 'sky', '2007-01-31', 10, ' ', 2, 3);
INSERT INTO `song` (`id_song`, `name`, `date`, `duration`, `lyrics`, `artist_id`, `genre_id`) VALUES (32, 'chuuya', '2022-07-03', 5, ' ', 33, 5);
INSERT INTO `song` (`id_song`, `name`, `date`, `duration`, `lyrics`, `artist_id`, `genre_id`) VALUES (33, 'dolorem', '1978-06-04', 8, ' ', 54, 2);
INSERT INTO `song` (`id_song`, `name`, `date`, `duration`, `lyrics`, `artist_id`, `genre_id`) VALUES (34, 'velit', '2003-03-17', 8, ' ', 81, 2);
INSERT INTO `song` (`id_song`, `name`, `date`, `duration`, `lyrics`, `artist_id`, `genre_id`) VALUES (35, 'autem', '2008-09-10', 10, ' ', 82, 2);
INSERT INTO `song` (`id_song`, `name`, `date`, `duration`, `lyrics`, `artist_id`, `genre_id`) VALUES (36, 'pasani', '2007-03-27', 8, ' ', 9, 3);
INSERT INTO `song` (`id_song`, `name`, `date`, `duration`, `lyrics`, `artist_id`, `genre_id`) VALUES (37, 'kare', '1993-06-27', 4, ' ', 13, 3);
INSERT INTO `song` (`id_song`, `name`, `date`, `duration`, `lyrics`, `artist_id`, `genre_id`) VALUES (38, 'expedita', '2010-09-06', 8, ' ', 72, 4);
INSERT INTO `song` (`id_song`, `name`, `date`, `duration`, `lyrics`, `artist_id`, `genre_id`) VALUES (39, 'impedit', '1991-09-10', 6, ' ', 97, 3);
INSERT INTO `song` (`id_song`, `name`, `date`, `duration`, `lyrics`, `artist_id`, `genre_id`) VALUES (40, 'error', '2021-09-28', 7, ' ', 15, 2);
INSERT INTO `song` (`id_song`, `name`, `date`, `duration`, `lyrics`, `artist_id`, `genre_id`) VALUES (41, 'may', '2010-05-19', 8, ' ', 2, 4);
INSERT INTO `song` (`id_song`, `name`, `date`, `duration`, `lyrics`, `artist_id`, `genre_id`) VALUES (42, 'dolor', '1994-07-12', 3, ' ', 100, 2);
INSERT INTO `song` (`id_song`, `name`, `date`, `duration`, `lyrics`, `artist_id`, `genre_id`) VALUES (43, 'sinee', '1973-03-05', 8, ' ', 20, 4);
INSERT INTO `song` (`id_song`, `name`, `date`, `duration`, `lyrics`, `artist_id`, `genre_id`) VALUES (44, 'sunt', '1977-03-20', 9, ' ', 92, 1);
INSERT INTO `song` (`id_song`, `name`, `date`, `duration`, `lyrics`, `artist_id`, `genre_id`) VALUES (45, 'lunatiki', '1979-11-01', 9, ' ', 18, 3);
INSERT INTO `song` (`id_song`, `name`, `date`, `duration`, `lyrics`, `artist_id`, `genre_id`) VALUES (46, 'akatsuki no requiem', '1980-04-23', 9, ' ', 28, 3);
INSERT INTO `song` (`id_song`, `name`, `date`, `duration`, `lyrics`, `artist_id`, `genre_id`) VALUES (47, 'quo', '2009-10-28', 6, ' ', 84, 1);
INSERT INTO `song` (`id_song`, `name`, `date`, `duration`, `lyrics`, `artist_id`, `genre_id`) VALUES (48, 'toe lake', '2018-02-08', 7, ' ', 30, 2);
INSERT INTO `song` (`id_song`, `name`, `date`, `duration`, `lyrics`, `artist_id`, `genre_id`) VALUES (49, 'corporis', '1974-05-21', 4, ' ', 92, 5);
INSERT INTO `song` (`id_song`, `name`, `date`, `duration`, `lyrics`, `artist_id`, `genre_id`) VALUES (50, 'nam', '2009-09-22', 11, ' ', 93, 4);
INSERT INTO `song` (`id_song`, `name`, `date`, `duration`, `lyrics`, `artist_id`, `genre_id`) VALUES (51, '19', '1976-06-13', 6, ' ', 2, 4);
INSERT INTO `song` (`id_song`, `name`, `date`, `duration`, `lyrics`, `artist_id`, `genre_id`) VALUES (52, 'quis', '1980-11-19', 3, ' ', 52, 2);
INSERT INTO `song` (`id_song`, `name`, `date`, `duration`, `lyrics`, `artist_id`, `genre_id`) VALUES (53, 'shadows', '2007-07-09', 11, ' ', 3, 3);
INSERT INTO `song` (`id_song`, `name`, `date`, `duration`, `lyrics`, `artist_id`, `genre_id`) VALUES (54, 'freckles', '2006-06-09', 6, ' ', 1, 3);
INSERT INTO `song` (`id_song`, `name`, `date`, `duration`, `lyrics`, `artist_id`, `genre_id`) VALUES (55, 'today is sunday', '1987-06-22', 3, ' ', 12, 1);
INSERT INTO `song` (`id_song`, `name`, `date`, `duration`, `lyrics`, `artist_id`, `genre_id`) VALUES (56, 'bleach', '2011-02-05', 11, ' ', 36, 4);
INSERT INTO `song` (`id_song`, `name`, `date`, `duration`, `lyrics`, `artist_id`, `genre_id`) VALUES (57, 'stalevarov street', '2022-12-23', 10, ' ', 3, 5);
INSERT INTO `song` (`id_song`, `name`, `date`, `duration`, `lyrics`, `artist_id`, `genre_id`) VALUES (58, 'placeat', '1989-09-12', 11, ' ', 100, 1);
INSERT INTO `song` (`id_song`, `name`, `date`, `duration`, `lyrics`, `artist_id`, `genre_id`) VALUES (59, 'numquam', '1994-09-04', 6, ' ', 57, 2);
INSERT INTO `song` (`id_song`, `name`, `date`, `duration`, `lyrics`, `artist_id`, `genre_id`) VALUES (60, 'nigerundayo!!!', '2010-04-16', 12, ' ', 49, 1);
INSERT INTO `song` (`id_song`, `name`, `date`, `duration`, `lyrics`, `artist_id`, `genre_id`) VALUES (61, 'sed', '1973-05-08', 11, ' ', 54, 1);
INSERT INTO `song` (`id_song`, `name`, `date`, `duration`, `lyrics`, `artist_id`, `genre_id`) VALUES (62, 'dicta', '1996-01-21', 5, ' ', 56, 5);
INSERT INTO `song` (`id_song`, `name`, `date`, `duration`, `lyrics`, `artist_id`, `genre_id`) VALUES (63, 'reprehenderit', '1981-09-10', 6, ' ', 77, 2);
INSERT INTO `song` (`id_song`, `name`, `date`, `duration`, `lyrics`, `artist_id`, `genre_id`) VALUES (64, 'krasiva', '1978-07-16', 3, ' ', 4, 5);
INSERT INTO `song` (`id_song`, `name`, `date`, `duration`, `lyrics`, `artist_id`, `genre_id`) VALUES (65, 'esse', '2003-01-16', 12, ' ', 97, 2);
INSERT INTO `song` (`id_song`, `name`, `date`, `duration`, `lyrics`, `artist_id`, `genre_id`) VALUES (66, 'beatae', '2006-10-01', 3, ' ', 59, 3);
INSERT INTO `song` (`id_song`, `name`, `date`, `duration`, `lyrics`, `artist_id`, `genre_id`) VALUES (67, 'emokid', '2008-09-22', 7, ' ', 7, 2);
INSERT INTO `song` (`id_song`, `name`, `date`, `duration`, `lyrics`, `artist_id`, `genre_id`) VALUES (68, 'zrachki', '1975-05-27', 5, ' ', 17, 2);
INSERT INTO `song` (`id_song`, `name`, `date`, `duration`, `lyrics`, `artist_id`, `genre_id`) VALUES (69, 'standotsukai!', '2020-12-26', 4, ' ', 50, 5);
INSERT INTO `song` (`id_song`, `name`, `date`, `duration`, `lyrics`, `artist_id`, `genre_id`) VALUES (70, 'in', '1993-06-08', 3, ' ', 68, 2);
INSERT INTO `song` (`id_song`, `name`, `date`, `duration`, `lyrics`, `artist_id`, `genre_id`) VALUES (71, 'ullam', '1988-07-03', 3, ' ', 53, 5);
INSERT INTO `song` (`id_song`, `name`, `date`, `duration`, `lyrics`, `artist_id`, `genre_id`) VALUES (72, 'illum', '1993-10-30', 4, ' ', 51, 1);
INSERT INTO `song` (`id_song`, `name`, `date`, `duration`, `lyrics`, `artist_id`, `genre_id`) VALUES (73, 'thank you!!', '1976-02-13', 5, ' ', 23, 1);
INSERT INTO `song` (`id_song`, `name`, `date`, `duration`, `lyrics`, `artist_id`, `genre_id`) VALUES (74, 'raduga zemnogo tyagoten', '2019-01-06', 8, ' ', 35, 1);
INSERT INTO `song` (`id_song`, `name`, `date`, `duration`, `lyrics`, `artist_id`, `genre_id`) VALUES (75, 'itaque', '1975-12-10', 6, ' ', 79, 3);
INSERT INTO `song` (`id_song`, `name`, `date`, `duration`, `lyrics`, `artist_id`, `genre_id`) VALUES (76, 'adipisci', '2017-06-12', 10, ' ', 92, 2);
INSERT INTO `song` (`id_song`, `name`, `date`, `duration`, `lyrics`, `artist_id`, `genre_id`) VALUES (77, 'ex', '1995-11-21', 7, ' ', 96, 5);
INSERT INTO `song` (`id_song`, `name`, `date`, `duration`, `lyrics`, `artist_id`, `genre_id`) VALUES (78, 'incidunt', '2018-04-21', 8, ' ', 56, 5);
INSERT INTO `song` (`id_song`, `name`, `date`, `duration`, `lyrics`, `artist_id`, `genre_id`) VALUES (79, 'eos', '2007-09-04', 4, ' ', 83, 5);
INSERT INTO `song` (`id_song`, `name`, `date`, `duration`, `lyrics`, `artist_id`, `genre_id`) VALUES (80, 'quibusdam', '1997-04-06', 3, ' ', 55, 4);
INSERT INTO `song` (`id_song`, `name`, `date`, `duration`, `lyrics`, `artist_id`, `genre_id`) VALUES (81, 'iure', '1985-06-19', 4, ' ', 92, 3);
INSERT INTO `song` (`id_song`, `name`, `date`, `duration`, `lyrics`, `artist_id`, `genre_id`) VALUES (82, 'bankai', '1971-07-29', 12, ' ', 36, 2);
INSERT INTO `song` (`id_song`, `name`, `date`, `duration`, `lyrics`, `artist_id`, `genre_id`) VALUES (83, 'angeli ne letayut', '1998-11-01', 5, ' ', 1, 4);
INSERT INTO `song` (`id_song`, `name`, `date`, `duration`, `lyrics`, `artist_id`, `genre_id`) VALUES (84, 'molestiae', '1998-08-10', 7, ' ', 100, 3);
INSERT INTO `song` (`id_song`, `name`, `date`, `duration`, `lyrics`, `artist_id`, `genre_id`) VALUES (85, 'eaque', '2013-12-02', 3, ' ', 59, 1);
INSERT INTO `song` (`id_song`, `name`, `date`, `duration`, `lyrics`, `artist_id`, `genre_id`) VALUES (86, 'aperiam', '2006-05-29', 5, ' ', 53, 2);
INSERT INTO `song` (`id_song`, `name`, `date`, `duration`, `lyrics`, `artist_id`, `genre_id`) VALUES (87, 'hikarunara', '2018-12-10', 3, ' ', 26, 3);
INSERT INTO `song` (`id_song`, `name`, `date`, `duration`, `lyrics`, `artist_id`, `genre_id`) VALUES (88, 'doloribus', '2003-08-29', 6, ' ', 88, 1);
INSERT INTO `song` (`id_song`, `name`, `date`, `duration`, `lyrics`, `artist_id`, `genre_id`) VALUES (89, 'nostrum', '2022-03-25', 6, ' ', 82, 2);
INSERT INTO `song` (`id_song`, `name`, `date`, `duration`, `lyrics`, `artist_id`, `genre_id`) VALUES (90, 'derjat eto v sebe', '2019-02-02', 5, ' ', 2, 5);
INSERT INTO `song` (`id_song`, `name`, `date`, `duration`, `lyrics`, `artist_id`, `genre_id`) VALUES (91, 'recusandae', '1974-12-12', 10, ' ', 89, 4);
INSERT INTO `song` (`id_song`, `name`, `date`, `duration`, `lyrics`, `artist_id`, `genre_id`) VALUES (92, 'voluptatibus', '1995-03-27', 7, ' ', 59, 5);
INSERT INTO `song` (`id_song`, `name`, `date`, `duration`, `lyrics`, `artist_id`, `genre_id`) VALUES (93, 'jojo pose', '1989-07-19', 9, ' ', 34, 2);
INSERT INTO `song` (`id_song`, `name`, `date`, `duration`, `lyrics`, `artist_id`, `genre_id`) VALUES (94, 'kak tak?', '1999-12-27', 8, ' ', 7, 3);
INSERT INTO `song` (`id_song`, `name`, `date`, `duration`, `lyrics`, `artist_id`, `genre_id`) VALUES (95, 'ne veru', '1981-09-06', 10, ' ', 17, 1);
INSERT INTO `song` (`id_song`, `name`, `date`, `duration`, `lyrics`, `artist_id`, `genre_id`) VALUES (96, 'tenaru', '1998-03-11', 10, ' ', 43, 1);
INSERT INTO `song` (`id_song`, `name`, `date`, `duration`, `lyrics`, `artist_id`, `genre_id`) VALUES (97, 'zura janai!', '1980-11-17', 10, ' ', 45, 4);
INSERT INTO `song` (`id_song`, `name`, `date`, `duration`, `lyrics`, `artist_id`, `genre_id`) VALUES (98, 'enim', '2021-09-16', 9, ' ', 61, 1);
INSERT INTO `song` (`id_song`, `name`, `date`, `duration`, `lyrics`, `artist_id`, `genre_id`) VALUES (99, 'quia', '2022-05-28', 12, ' ', 77, 5);
INSERT INTO `song` (`id_song`, `name`, `date`, `duration`, `lyrics`, `artist_id`, `genre_id`) VALUES (100, 'libero', '1996-05-11', 10, ' ', 99, 4);

drop table if exists `album_song`;
create table if not exists `album_song` (
id_alb_song int primary key auto_increment not null unique,
album_id int not null,
song_id int not null,
foreign key (`album_id`) references `album` (`id_album`),
foreign key (`song_id`) references `song` (`id_song`)
);

INSERT INTO `album_song` (`id_alb_song`, `album_id`, `song_id`) VALUES (1, 100, 54);
INSERT INTO `album_song` (`id_alb_song`, `album_id`, `song_id`) VALUES (2, 59, 50);
INSERT INTO `album_song` (`id_alb_song`, `album_id`, `song_id`) VALUES (3, 24, 59);
INSERT INTO `album_song` (`id_alb_song`, `album_id`, `song_id`) VALUES (4, 78, 91);
INSERT INTO `album_song` (`id_alb_song`, `album_id`, `song_id`) VALUES (5, 80, 31);
INSERT INTO `album_song` (`id_alb_song`, `album_id`, `song_id`) VALUES (6, 86, 63);
INSERT INTO `album_song` (`id_alb_song`, `album_id`, `song_id`) VALUES (7, 74, 13);
INSERT INTO `album_song` (`id_alb_song`, `album_id`, `song_id`) VALUES (8, 38, 3);
INSERT INTO `album_song` (`id_alb_song`, `album_id`, `song_id`) VALUES (9, 96, 3);
INSERT INTO `album_song` (`id_alb_song`, `album_id`, `song_id`) VALUES (10, 99, 22);
INSERT INTO `album_song` (`id_alb_song`, `album_id`, `song_id`) VALUES (11, 48, 9);
INSERT INTO `album_song` (`id_alb_song`, `album_id`, `song_id`) VALUES (12, 64, 10);
INSERT INTO `album_song` (`id_alb_song`, `album_id`, `song_id`) VALUES (13, 89, 27);
INSERT INTO `album_song` (`id_alb_song`, `album_id`, `song_id`) VALUES (14, 4, 99);
INSERT INTO `album_song` (`id_alb_song`, `album_id`, `song_id`) VALUES (15, 12, 49);
INSERT INTO `album_song` (`id_alb_song`, `album_id`, `song_id`) VALUES (16, 16, 87);
INSERT INTO `album_song` (`id_alb_song`, `album_id`, `song_id`) VALUES (17, 56, 38);
INSERT INTO `album_song` (`id_alb_song`, `album_id`, `song_id`) VALUES (18, 58, 71);
INSERT INTO `album_song` (`id_alb_song`, `album_id`, `song_id`) VALUES (19, 36, 49);
INSERT INTO `album_song` (`id_alb_song`, `album_id`, `song_id`) VALUES (20, 40, 29);
INSERT INTO `album_song` (`id_alb_song`, `album_id`, `song_id`) VALUES (21, 75, 36);
INSERT INTO `album_song` (`id_alb_song`, `album_id`, `song_id`) VALUES (22, 76, 38);
INSERT INTO `album_song` (`id_alb_song`, `album_id`, `song_id`) VALUES (23, 98, 27);
INSERT INTO `album_song` (`id_alb_song`, `album_id`, `song_id`) VALUES (24, 4, 53);
INSERT INTO `album_song` (`id_alb_song`, `album_id`, `song_id`) VALUES (25, 41, 100);
INSERT INTO `album_song` (`id_alb_song`, `album_id`, `song_id`) VALUES (26, 95, 82);
INSERT INTO `album_song` (`id_alb_song`, `album_id`, `song_id`) VALUES (27, 81, 11);
INSERT INTO `album_song` (`id_alb_song`, `album_id`, `song_id`) VALUES (28, 13, 72);
INSERT INTO `album_song` (`id_alb_song`, `album_id`, `song_id`) VALUES (29, 93, 4);
INSERT INTO `album_song` (`id_alb_song`, `album_id`, `song_id`) VALUES (30, 48, 84);
INSERT INTO `album_song` (`id_alb_song`, `album_id`, `song_id`) VALUES (31, 53, 74);
INSERT INTO `album_song` (`id_alb_song`, `album_id`, `song_id`) VALUES (32, 50, 64);
INSERT INTO `album_song` (`id_alb_song`, `album_id`, `song_id`) VALUES (33, 6, 37);
INSERT INTO `album_song` (`id_alb_song`, `album_id`, `song_id`) VALUES (34, 46, 97);
INSERT INTO `album_song` (`id_alb_song`, `album_id`, `song_id`) VALUES (35, 46, 93);
INSERT INTO `album_song` (`id_alb_song`, `album_id`, `song_id`) VALUES (36, 75, 96);
INSERT INTO `album_song` (`id_alb_song`, `album_id`, `song_id`) VALUES (37, 86, 15);
INSERT INTO `album_song` (`id_alb_song`, `album_id`, `song_id`) VALUES (38, 83, 80);
INSERT INTO `album_song` (`id_alb_song`, `album_id`, `song_id`) VALUES (39, 14, 9);
INSERT INTO `album_song` (`id_alb_song`, `album_id`, `song_id`) VALUES (40, 72, 35);
INSERT INTO `album_song` (`id_alb_song`, `album_id`, `song_id`) VALUES (41, 5, 67);
INSERT INTO `album_song` (`id_alb_song`, `album_id`, `song_id`) VALUES (42, 99, 62);
INSERT INTO `album_song` (`id_alb_song`, `album_id`, `song_id`) VALUES (43, 18, 17);
INSERT INTO `album_song` (`id_alb_song`, `album_id`, `song_id`) VALUES (44, 88, 80);
INSERT INTO `album_song` (`id_alb_song`, `album_id`, `song_id`) VALUES (45, 84, 81);
INSERT INTO `album_song` (`id_alb_song`, `album_id`, `song_id`) VALUES (46, 59, 1);
INSERT INTO `album_song` (`id_alb_song`, `album_id`, `song_id`) VALUES (47, 40, 91);
INSERT INTO `album_song` (`id_alb_song`, `album_id`, `song_id`) VALUES (48, 36, 10);
INSERT INTO `album_song` (`id_alb_song`, `album_id`, `song_id`) VALUES (49, 28, 47);
INSERT INTO `album_song` (`id_alb_song`, `album_id`, `song_id`) VALUES (50, 55, 48);
INSERT INTO `album_song` (`id_alb_song`, `album_id`, `song_id`) VALUES (51, 49, 12);
INSERT INTO `album_song` (`id_alb_song`, `album_id`, `song_id`) VALUES (52, 92, 41);
INSERT INTO `album_song` (`id_alb_song`, `album_id`, `song_id`) VALUES (53, 80, 96);
INSERT INTO `album_song` (`id_alb_song`, `album_id`, `song_id`) VALUES (54, 64, 35);
INSERT INTO `album_song` (`id_alb_song`, `album_id`, `song_id`) VALUES (55, 41, 27);
INSERT INTO `album_song` (`id_alb_song`, `album_id`, `song_id`) VALUES (56, 33, 17);
INSERT INTO `album_song` (`id_alb_song`, `album_id`, `song_id`) VALUES (57, 41, 90);
INSERT INTO `album_song` (`id_alb_song`, `album_id`, `song_id`) VALUES (58, 81, 73);
INSERT INTO `album_song` (`id_alb_song`, `album_id`, `song_id`) VALUES (59, 62, 46);
INSERT INTO `album_song` (`id_alb_song`, `album_id`, `song_id`) VALUES (60, 95, 32);
INSERT INTO `album_song` (`id_alb_song`, `album_id`, `song_id`) VALUES (61, 22, 23);
INSERT INTO `album_song` (`id_alb_song`, `album_id`, `song_id`) VALUES (62, 37, 64);
INSERT INTO `album_song` (`id_alb_song`, `album_id`, `song_id`) VALUES (63, 4, 15);
INSERT INTO `album_song` (`id_alb_song`, `album_id`, `song_id`) VALUES (64, 12, 96);
INSERT INTO `album_song` (`id_alb_song`, `album_id`, `song_id`) VALUES (65, 12, 89);
INSERT INTO `album_song` (`id_alb_song`, `album_id`, `song_id`) VALUES (66, 82, 79);
INSERT INTO `album_song` (`id_alb_song`, `album_id`, `song_id`) VALUES (67, 30, 60);
INSERT INTO `album_song` (`id_alb_song`, `album_id`, `song_id`) VALUES (68, 71, 95);
INSERT INTO `album_song` (`id_alb_song`, `album_id`, `song_id`) VALUES (69, 38, 54);
INSERT INTO `album_song` (`id_alb_song`, `album_id`, `song_id`) VALUES (70, 78, 9);
INSERT INTO `album_song` (`id_alb_song`, `album_id`, `song_id`) VALUES (71, 31, 96);
INSERT INTO `album_song` (`id_alb_song`, `album_id`, `song_id`) VALUES (72, 85, 85);
INSERT INTO `album_song` (`id_alb_song`, `album_id`, `song_id`) VALUES (73, 68, 87);
INSERT INTO `album_song` (`id_alb_song`, `album_id`, `song_id`) VALUES (74, 24, 6);
INSERT INTO `album_song` (`id_alb_song`, `album_id`, `song_id`) VALUES (75, 28, 19);
INSERT INTO `album_song` (`id_alb_song`, `album_id`, `song_id`) VALUES (76, 14, 57);
INSERT INTO `album_song` (`id_alb_song`, `album_id`, `song_id`) VALUES (77, 57, 79);
INSERT INTO `album_song` (`id_alb_song`, `album_id`, `song_id`) VALUES (78, 20, 6);
INSERT INTO `album_song` (`id_alb_song`, `album_id`, `song_id`) VALUES (79, 72, 98);
INSERT INTO `album_song` (`id_alb_song`, `album_id`, `song_id`) VALUES (80, 76, 13);
INSERT INTO `album_song` (`id_alb_song`, `album_id`, `song_id`) VALUES (81, 37, 22);
INSERT INTO `album_song` (`id_alb_song`, `album_id`, `song_id`) VALUES (82, 81, 52);
INSERT INTO `album_song` (`id_alb_song`, `album_id`, `song_id`) VALUES (83, 45, 85);
INSERT INTO `album_song` (`id_alb_song`, `album_id`, `song_id`) VALUES (84, 59, 15);
INSERT INTO `album_song` (`id_alb_song`, `album_id`, `song_id`) VALUES (85, 32, 16);
INSERT INTO `album_song` (`id_alb_song`, `album_id`, `song_id`) VALUES (86, 33, 62);
INSERT INTO `album_song` (`id_alb_song`, `album_id`, `song_id`) VALUES (87, 88, 34);
INSERT INTO `album_song` (`id_alb_song`, `album_id`, `song_id`) VALUES (88, 30, 46);
INSERT INTO `album_song` (`id_alb_song`, `album_id`, `song_id`) VALUES (89, 24, 80);
INSERT INTO `album_song` (`id_alb_song`, `album_id`, `song_id`) VALUES (90, 31, 17);
INSERT INTO `album_song` (`id_alb_song`, `album_id`, `song_id`) VALUES (91, 73, 51);
INSERT INTO `album_song` (`id_alb_song`, `album_id`, `song_id`) VALUES (92, 4, 97);
INSERT INTO `album_song` (`id_alb_song`, `album_id`, `song_id`) VALUES (93, 98, 81);
INSERT INTO `album_song` (`id_alb_song`, `album_id`, `song_id`) VALUES (94, 7, 91);
INSERT INTO `album_song` (`id_alb_song`, `album_id`, `song_id`) VALUES (95, 32, 75);
INSERT INTO `album_song` (`id_alb_song`, `album_id`, `song_id`) VALUES (96, 100, 35);
INSERT INTO `album_song` (`id_alb_song`, `album_id`, `song_id`) VALUES (97, 76, 84);
INSERT INTO `album_song` (`id_alb_song`, `album_id`, `song_id`) VALUES (98, 18, 79);
INSERT INTO `album_song` (`id_alb_song`, `album_id`, `song_id`) VALUES (99, 11, 87);
INSERT INTO `album_song` (`id_alb_song`, `album_id`, `song_id`) VALUES (100, 33, 11);

drop table if exists `playlist`;
create table if not exists `playlist` (
id_playlist int primary key auto_increment not null unique,
name char(255) not null,
upd_date date not null,
duration int not null
);

INSERT INTO `playlist` (`id_playlist`, `name`, `upd_date`, `duration`) VALUES (1, 'dolores', '1987-08-31', 1640);
INSERT INTO `playlist` (`id_playlist`, `name`, `upd_date`, `duration`) VALUES (2, 'autem', '1980-08-30', 19979);
INSERT INTO `playlist` (`id_playlist`, `name`, `upd_date`, `duration`) VALUES (3, 'et', '1975-11-08', 33792);
INSERT INTO `playlist` (`id_playlist`, `name`, `upd_date`, `duration`) VALUES (4, 'eum', '2008-12-22', 1275);
INSERT INTO `playlist` (`id_playlist`, `name`, `upd_date`, `duration`) VALUES (5, 'deserunt', '1979-04-20', 8120);
INSERT INTO `playlist` (`id_playlist`, `name`, `upd_date`, `duration`) VALUES (6, 'debitis', '2009-11-24', 57025);
INSERT INTO `playlist` (`id_playlist`, `name`, `upd_date`, `duration`) VALUES (7, 'explicabo', '2023-06-04', 135);
INSERT INTO `playlist` (`id_playlist`, `name`, `upd_date`, `duration`) VALUES (8, 'sint', '2000-03-09', 19268);
INSERT INTO `playlist` (`id_playlist`, `name`, `upd_date`, `duration`) VALUES (9, 'in', '1997-07-31', 7865);
INSERT INTO `playlist` (`id_playlist`, `name`, `upd_date`, `duration`) VALUES (10, 'est', '1996-01-03', 13729);
INSERT INTO `playlist` (`id_playlist`, `name`, `upd_date`, `duration`) VALUES (11, 'maxime', '1996-05-31', 28833);
INSERT INTO `playlist` (`id_playlist`, `name`, `upd_date`, `duration`) VALUES (12, 'placeat', '1984-10-23', 16163);
INSERT INTO `playlist` (`id_playlist`, `name`, `upd_date`, `duration`) VALUES (13, 'sequi', '2001-12-15', 12579);
INSERT INTO `playlist` (`id_playlist`, `name`, `upd_date`, `duration`) VALUES (14, 'sequi', '2020-05-02', 25810);
INSERT INTO `playlist` (`id_playlist`, `name`, `upd_date`, `duration`) VALUES (15, 'optio', '1981-09-20', 8615);
INSERT INTO `playlist` (`id_playlist`, `name`, `upd_date`, `duration`) VALUES (16, 'est', '2021-08-21', 29343);
INSERT INTO `playlist` (`id_playlist`, `name`, `upd_date`, `duration`) VALUES (17, 'quo', '2019-04-09', 12912);
INSERT INTO `playlist` (`id_playlist`, `name`, `upd_date`, `duration`) VALUES (18, 'earum', '1976-08-17', 8666);
INSERT INTO `playlist` (`id_playlist`, `name`, `upd_date`, `duration`) VALUES (19, 'itaque', '2000-08-27', 42651);
INSERT INTO `playlist` (`id_playlist`, `name`, `upd_date`, `duration`) VALUES (20, 'quasi', '2021-10-25', 18896);
INSERT INTO `playlist` (`id_playlist`, `name`, `upd_date`, `duration`) VALUES (21, 'suscipit', '1987-11-27', 34733);
INSERT INTO `playlist` (`id_playlist`, `name`, `upd_date`, `duration`) VALUES (22, 'quidem', '2020-05-18', 23215);
INSERT INTO `playlist` (`id_playlist`, `name`, `upd_date`, `duration`) VALUES (23, 'voluptates', '2022-08-31', 11486);
INSERT INTO `playlist` (`id_playlist`, `name`, `upd_date`, `duration`) VALUES (24, 'officia', '2006-08-25', 34232);
INSERT INTO `playlist` (`id_playlist`, `name`, `upd_date`, `duration`) VALUES (25, 'reprehenderit', '2019-03-19', 23783);
INSERT INTO `playlist` (`id_playlist`, `name`, `upd_date`, `duration`) VALUES (26, 'recusandae', '2012-11-16', 9620);
INSERT INTO `playlist` (`id_playlist`, `name`, `upd_date`, `duration`) VALUES (27, 'velit', '1987-12-25', 10510);
INSERT INTO `playlist` (`id_playlist`, `name`, `upd_date`, `duration`) VALUES (28, 'quidem', '2008-08-03', 12107);
INSERT INTO `playlist` (`id_playlist`, `name`, `upd_date`, `duration`) VALUES (29, 'mollitia', '1986-02-22', 43609);
INSERT INTO `playlist` (`id_playlist`, `name`, `upd_date`, `duration`) VALUES (30, 'quo', '1992-02-11', 38063);
INSERT INTO `playlist` (`id_playlist`, `name`, `upd_date`, `duration`) VALUES (31, 'deleniti', '1973-03-23', 18714);
INSERT INTO `playlist` (`id_playlist`, `name`, `upd_date`, `duration`) VALUES (32, 'dolorum', '2009-04-03', 58717);
INSERT INTO `playlist` (`id_playlist`, `name`, `upd_date`, `duration`) VALUES (33, 'explicabo', '1973-04-05', 40604);
INSERT INTO `playlist` (`id_playlist`, `name`, `upd_date`, `duration`) VALUES (34, 'optio', '2000-02-10', 28605);
INSERT INTO `playlist` (`id_playlist`, `name`, `upd_date`, `duration`) VALUES (35, 'corporis', '1983-05-03', 22403);
INSERT INTO `playlist` (`id_playlist`, `name`, `upd_date`, `duration`) VALUES (36, 'est', '1995-08-14', 16604);
INSERT INTO `playlist` (`id_playlist`, `name`, `upd_date`, `duration`) VALUES (37, 'voluptatem', '1976-04-30', 24002);
INSERT INTO `playlist` (`id_playlist`, `name`, `upd_date`, `duration`) VALUES (38, 'repudiandae', '1998-03-01', 33057);
INSERT INTO `playlist` (`id_playlist`, `name`, `upd_date`, `duration`) VALUES (39, 'dolores', '1984-01-16', 23710);
INSERT INTO `playlist` (`id_playlist`, `name`, `upd_date`, `duration`) VALUES (40, 'vel', '1988-02-22', 46937);
INSERT INTO `playlist` (`id_playlist`, `name`, `upd_date`, `duration`) VALUES (41, 'tempore', '2001-09-23', 20262);
INSERT INTO `playlist` (`id_playlist`, `name`, `upd_date`, `duration`) VALUES (42, 'ad', '2012-09-01', 7139);
INSERT INTO `playlist` (`id_playlist`, `name`, `upd_date`, `duration`) VALUES (43, 'placeat', '1989-01-26', 41670);
INSERT INTO `playlist` (`id_playlist`, `name`, `upd_date`, `duration`) VALUES (44, 'sed', '2020-07-18', 39213);
INSERT INTO `playlist` (`id_playlist`, `name`, `upd_date`, `duration`) VALUES (45, 'corrupti', '2007-04-12', 23756);
INSERT INTO `playlist` (`id_playlist`, `name`, `upd_date`, `duration`) VALUES (46, 'nostrum', '1992-03-19', 40475);
INSERT INTO `playlist` (`id_playlist`, `name`, `upd_date`, `duration`) VALUES (47, 'qui', '2012-01-26', 13335);
INSERT INTO `playlist` (`id_playlist`, `name`, `upd_date`, `duration`) VALUES (48, 'error', '1993-10-07', 25642);
INSERT INTO `playlist` (`id_playlist`, `name`, `upd_date`, `duration`) VALUES (49, 'aut', '1978-02-15', 36292);
INSERT INTO `playlist` (`id_playlist`, `name`, `upd_date`, `duration`) VALUES (50, 'sapiente', '1993-03-08', 9281);
INSERT INTO `playlist` (`id_playlist`, `name`, `upd_date`, `duration`) VALUES (51, 'aut', '1984-03-19', 1923);
INSERT INTO `playlist` (`id_playlist`, `name`, `upd_date`, `duration`) VALUES (52, 'doloribus', '1999-10-10', 29596);
INSERT INTO `playlist` (`id_playlist`, `name`, `upd_date`, `duration`) VALUES (53, 'vitae', '2014-04-20', 48887);
INSERT INTO `playlist` (`id_playlist`, `name`, `upd_date`, `duration`) VALUES (54, 'minima', '1989-01-10', 18364);
INSERT INTO `playlist` (`id_playlist`, `name`, `upd_date`, `duration`) VALUES (55, 'temporibus', '2003-01-16', 41526);
INSERT INTO `playlist` (`id_playlist`, `name`, `upd_date`, `duration`) VALUES (56, 'autem', '1977-06-03', 39528);
INSERT INTO `playlist` (`id_playlist`, `name`, `upd_date`, `duration`) VALUES (57, 'ipsam', '2022-09-29', 6486);
INSERT INTO `playlist` (`id_playlist`, `name`, `upd_date`, `duration`) VALUES (58, 'consectetur', '1996-05-15', 5965);
INSERT INTO `playlist` (`id_playlist`, `name`, `upd_date`, `duration`) VALUES (59, 'fuga', '1970-06-13', 12890);
INSERT INTO `playlist` (`id_playlist`, `name`, `upd_date`, `duration`) VALUES (60, 'unde', '1994-01-24', 59131);
INSERT INTO `playlist` (`id_playlist`, `name`, `upd_date`, `duration`) VALUES (61, 'eligendi', '2010-03-02', 18054);
INSERT INTO `playlist` (`id_playlist`, `name`, `upd_date`, `duration`) VALUES (62, 'corrupti', '1992-01-19', 13285);
INSERT INTO `playlist` (`id_playlist`, `name`, `upd_date`, `duration`) VALUES (63, 'eveniet', '2006-09-28', 53305);
INSERT INTO `playlist` (`id_playlist`, `name`, `upd_date`, `duration`) VALUES (64, 'qui', '1973-10-22', 10517);
INSERT INTO `playlist` (`id_playlist`, `name`, `upd_date`, `duration`) VALUES (65, 'est', '1989-05-30', 15625);
INSERT INTO `playlist` (`id_playlist`, `name`, `upd_date`, `duration`) VALUES (66, 'odio', '1983-07-29', 31096);
INSERT INTO `playlist` (`id_playlist`, `name`, `upd_date`, `duration`) VALUES (67, 'adipisci', '1992-06-05', 40540);
INSERT INTO `playlist` (`id_playlist`, `name`, `upd_date`, `duration`) VALUES (68, 'qui', '2018-05-05', 1427);
INSERT INTO `playlist` (`id_playlist`, `name`, `upd_date`, `duration`) VALUES (69, 'atque', '1981-05-21', 45553);
INSERT INTO `playlist` (`id_playlist`, `name`, `upd_date`, `duration`) VALUES (70, 'consequatur', '2008-10-08', 29778);
INSERT INTO `playlist` (`id_playlist`, `name`, `upd_date`, `duration`) VALUES (71, 'quos', '2001-05-25', 24754);
INSERT INTO `playlist` (`id_playlist`, `name`, `upd_date`, `duration`) VALUES (72, 'voluptate', '2014-02-27', 14572);
INSERT INTO `playlist` (`id_playlist`, `name`, `upd_date`, `duration`) VALUES (73, 'corrupti', '2012-03-10', 19999);
INSERT INTO `playlist` (`id_playlist`, `name`, `upd_date`, `duration`) VALUES (74, 'et', '1974-09-25', 47139);
INSERT INTO `playlist` (`id_playlist`, `name`, `upd_date`, `duration`) VALUES (75, 'ut', '1980-09-20', 2427);
INSERT INTO `playlist` (`id_playlist`, `name`, `upd_date`, `duration`) VALUES (76, 'at', '1990-06-03', 17310);
INSERT INTO `playlist` (`id_playlist`, `name`, `upd_date`, `duration`) VALUES (77, 'id', '1992-08-18', 56815);
INSERT INTO `playlist` (`id_playlist`, `name`, `upd_date`, `duration`) VALUES (78, 'autem', '1998-05-30', 2508);
INSERT INTO `playlist` (`id_playlist`, `name`, `upd_date`, `duration`) VALUES (79, 'qui', '2017-06-05', 2051);
INSERT INTO `playlist` (`id_playlist`, `name`, `upd_date`, `duration`) VALUES (80, 'quia', '2005-04-04', 34977);
INSERT INTO `playlist` (`id_playlist`, `name`, `upd_date`, `duration`) VALUES (81, 'ut', '2011-11-01', 54260);
INSERT INTO `playlist` (`id_playlist`, `name`, `upd_date`, `duration`) VALUES (82, 'eum', '2020-02-09', 49378);
INSERT INTO `playlist` (`id_playlist`, `name`, `upd_date`, `duration`) VALUES (83, 'libero', '2006-05-13', 6097);
INSERT INTO `playlist` (`id_playlist`, `name`, `upd_date`, `duration`) VALUES (84, 'neque', '1999-10-18', 5637);
INSERT INTO `playlist` (`id_playlist`, `name`, `upd_date`, `duration`) VALUES (85, 'aut', '2017-05-07', 6912);
INSERT INTO `playlist` (`id_playlist`, `name`, `upd_date`, `duration`) VALUES (86, 'expedita', '1983-04-06', 42025);
INSERT INTO `playlist` (`id_playlist`, `name`, `upd_date`, `duration`) VALUES (87, 'sit', '2014-10-31', 29353);
INSERT INTO `playlist` (`id_playlist`, `name`, `upd_date`, `duration`) VALUES (88, 'aut', '1984-09-20', 43280);
INSERT INTO `playlist` (`id_playlist`, `name`, `upd_date`, `duration`) VALUES (89, 'eum', '2020-11-24', 15474);
INSERT INTO `playlist` (`id_playlist`, `name`, `upd_date`, `duration`) VALUES (90, 'assumenda', '1994-10-02', 39835);
INSERT INTO `playlist` (`id_playlist`, `name`, `upd_date`, `duration`) VALUES (91, 'animi', '2023-05-20', 29048);
INSERT INTO `playlist` (`id_playlist`, `name`, `upd_date`, `duration`) VALUES (92, 'sapiente', '1973-05-25', 54671);
INSERT INTO `playlist` (`id_playlist`, `name`, `upd_date`, `duration`) VALUES (93, 'iure', '2013-03-14', 52687);
INSERT INTO `playlist` (`id_playlist`, `name`, `upd_date`, `duration`) VALUES (94, 'id', '1989-10-03', 11865);
INSERT INTO `playlist` (`id_playlist`, `name`, `upd_date`, `duration`) VALUES (95, 'id', '1982-03-26', 19789);
INSERT INTO `playlist` (`id_playlist`, `name`, `upd_date`, `duration`) VALUES (96, 'harum', '2013-11-13', 15926);
INSERT INTO `playlist` (`id_playlist`, `name`, `upd_date`, `duration`) VALUES (97, 'molestiae', '2003-10-07', 38747);
INSERT INTO `playlist` (`id_playlist`, `name`, `upd_date`, `duration`) VALUES (98, 'facilis', '1991-02-16', 1400);
INSERT INTO `playlist` (`id_playlist`, `name`, `upd_date`, `duration`) VALUES (99, 'amet', '2015-10-20', 32953);
INSERT INTO `playlist` (`id_playlist`, `name`, `upd_date`, `duration`) VALUES (100, 'sunt', '1972-12-11', 27230);


drop table if exists `us_play`;
create table if not exists `us_play` (
id_us_play int primary key auto_increment not null unique,
user_id int not null,
playlist_id int not null,
foreign key (`user_id`) references `user` (`id_user`),
foreign key (`playlist_id`) references `playlist` (`id_playlist`)
);

INSERT INTO `us_play` (`id_us_play`, `user_id`, `playlist_id`) VALUES (1, 89, 53);
INSERT INTO `us_play` (`id_us_play`, `user_id`, `playlist_id`) VALUES (2, 25, 73);
INSERT INTO `us_play` (`id_us_play`, `user_id`, `playlist_id`) VALUES (3, 14, 47);
INSERT INTO `us_play` (`id_us_play`, `user_id`, `playlist_id`) VALUES (4, 7, 93);
INSERT INTO `us_play` (`id_us_play`, `user_id`, `playlist_id`) VALUES (5, 28, 38);
INSERT INTO `us_play` (`id_us_play`, `user_id`, `playlist_id`) VALUES (6, 62, 2);
INSERT INTO `us_play` (`id_us_play`, `user_id`, `playlist_id`) VALUES (7, 49, 100);
INSERT INTO `us_play` (`id_us_play`, `user_id`, `playlist_id`) VALUES (8, 43, 91);
INSERT INTO `us_play` (`id_us_play`, `user_id`, `playlist_id`) VALUES (9, 89, 1);
INSERT INTO `us_play` (`id_us_play`, `user_id`, `playlist_id`) VALUES (10, 99, 76);
INSERT INTO `us_play` (`id_us_play`, `user_id`, `playlist_id`) VALUES (11, 61, 93);
INSERT INTO `us_play` (`id_us_play`, `user_id`, `playlist_id`) VALUES (12, 13, 38);
INSERT INTO `us_play` (`id_us_play`, `user_id`, `playlist_id`) VALUES (13, 29, 5);
INSERT INTO `us_play` (`id_us_play`, `user_id`, `playlist_id`) VALUES (14, 13, 84);
INSERT INTO `us_play` (`id_us_play`, `user_id`, `playlist_id`) VALUES (15, 15, 15);
INSERT INTO `us_play` (`id_us_play`, `user_id`, `playlist_id`) VALUES (16, 39, 21);
INSERT INTO `us_play` (`id_us_play`, `user_id`, `playlist_id`) VALUES (17, 86, 47);
INSERT INTO `us_play` (`id_us_play`, `user_id`, `playlist_id`) VALUES (18, 83, 94);
INSERT INTO `us_play` (`id_us_play`, `user_id`, `playlist_id`) VALUES (19, 62, 2);
INSERT INTO `us_play` (`id_us_play`, `user_id`, `playlist_id`) VALUES (20, 33, 57);
INSERT INTO `us_play` (`id_us_play`, `user_id`, `playlist_id`) VALUES (21, 94, 12);
INSERT INTO `us_play` (`id_us_play`, `user_id`, `playlist_id`) VALUES (22, 90, 61);
INSERT INTO `us_play` (`id_us_play`, `user_id`, `playlist_id`) VALUES (23, 1, 62);
INSERT INTO `us_play` (`id_us_play`, `user_id`, `playlist_id`) VALUES (24, 89, 35);
INSERT INTO `us_play` (`id_us_play`, `user_id`, `playlist_id`) VALUES (25, 96, 29);
INSERT INTO `us_play` (`id_us_play`, `user_id`, `playlist_id`) VALUES (26, 9, 28);
INSERT INTO `us_play` (`id_us_play`, `user_id`, `playlist_id`) VALUES (27, 28, 28);
INSERT INTO `us_play` (`id_us_play`, `user_id`, `playlist_id`) VALUES (28, 18, 73);
INSERT INTO `us_play` (`id_us_play`, `user_id`, `playlist_id`) VALUES (29, 36, 56);
INSERT INTO `us_play` (`id_us_play`, `user_id`, `playlist_id`) VALUES (30, 30, 91);
INSERT INTO `us_play` (`id_us_play`, `user_id`, `playlist_id`) VALUES (31, 14, 32);
INSERT INTO `us_play` (`id_us_play`, `user_id`, `playlist_id`) VALUES (32, 57, 41);
INSERT INTO `us_play` (`id_us_play`, `user_id`, `playlist_id`) VALUES (33, 54, 66);
INSERT INTO `us_play` (`id_us_play`, `user_id`, `playlist_id`) VALUES (34, 11, 15);
INSERT INTO `us_play` (`id_us_play`, `user_id`, `playlist_id`) VALUES (35, 97, 87);
INSERT INTO `us_play` (`id_us_play`, `user_id`, `playlist_id`) VALUES (36, 75, 71);
INSERT INTO `us_play` (`id_us_play`, `user_id`, `playlist_id`) VALUES (37, 17, 48);
INSERT INTO `us_play` (`id_us_play`, `user_id`, `playlist_id`) VALUES (38, 53, 60);
INSERT INTO `us_play` (`id_us_play`, `user_id`, `playlist_id`) VALUES (39, 36, 67);
INSERT INTO `us_play` (`id_us_play`, `user_id`, `playlist_id`) VALUES (40, 6, 64);
INSERT INTO `us_play` (`id_us_play`, `user_id`, `playlist_id`) VALUES (41, 85, 95);
INSERT INTO `us_play` (`id_us_play`, `user_id`, `playlist_id`) VALUES (42, 38, 73);
INSERT INTO `us_play` (`id_us_play`, `user_id`, `playlist_id`) VALUES (43, 91, 4);
INSERT INTO `us_play` (`id_us_play`, `user_id`, `playlist_id`) VALUES (44, 99, 14);
INSERT INTO `us_play` (`id_us_play`, `user_id`, `playlist_id`) VALUES (45, 12, 85);
INSERT INTO `us_play` (`id_us_play`, `user_id`, `playlist_id`) VALUES (46, 17, 32);
INSERT INTO `us_play` (`id_us_play`, `user_id`, `playlist_id`) VALUES (47, 60, 51);
INSERT INTO `us_play` (`id_us_play`, `user_id`, `playlist_id`) VALUES (48, 60, 4);
INSERT INTO `us_play` (`id_us_play`, `user_id`, `playlist_id`) VALUES (49, 38, 11);
INSERT INTO `us_play` (`id_us_play`, `user_id`, `playlist_id`) VALUES (50, 2, 23);
INSERT INTO `us_play` (`id_us_play`, `user_id`, `playlist_id`) VALUES (51, 29, 68);
INSERT INTO `us_play` (`id_us_play`, `user_id`, `playlist_id`) VALUES (52, 51, 57);
INSERT INTO `us_play` (`id_us_play`, `user_id`, `playlist_id`) VALUES (53, 83, 84);
INSERT INTO `us_play` (`id_us_play`, `user_id`, `playlist_id`) VALUES (54, 34, 100);
INSERT INTO `us_play` (`id_us_play`, `user_id`, `playlist_id`) VALUES (55, 14, 66);
INSERT INTO `us_play` (`id_us_play`, `user_id`, `playlist_id`) VALUES (56, 36, 70);
INSERT INTO `us_play` (`id_us_play`, `user_id`, `playlist_id`) VALUES (57, 22, 49);
INSERT INTO `us_play` (`id_us_play`, `user_id`, `playlist_id`) VALUES (58, 13, 70);
INSERT INTO `us_play` (`id_us_play`, `user_id`, `playlist_id`) VALUES (59, 18, 37);
INSERT INTO `us_play` (`id_us_play`, `user_id`, `playlist_id`) VALUES (60, 44, 51);
INSERT INTO `us_play` (`id_us_play`, `user_id`, `playlist_id`) VALUES (61, 41, 66);
INSERT INTO `us_play` (`id_us_play`, `user_id`, `playlist_id`) VALUES (62, 89, 9);
INSERT INTO `us_play` (`id_us_play`, `user_id`, `playlist_id`) VALUES (63, 45, 18);
INSERT INTO `us_play` (`id_us_play`, `user_id`, `playlist_id`) VALUES (64, 74, 78);
INSERT INTO `us_play` (`id_us_play`, `user_id`, `playlist_id`) VALUES (65, 84, 84);
INSERT INTO `us_play` (`id_us_play`, `user_id`, `playlist_id`) VALUES (66, 33, 75);
INSERT INTO `us_play` (`id_us_play`, `user_id`, `playlist_id`) VALUES (67, 68, 18);
INSERT INTO `us_play` (`id_us_play`, `user_id`, `playlist_id`) VALUES (68, 35, 15);
INSERT INTO `us_play` (`id_us_play`, `user_id`, `playlist_id`) VALUES (69, 4, 9);
INSERT INTO `us_play` (`id_us_play`, `user_id`, `playlist_id`) VALUES (70, 56, 22);
INSERT INTO `us_play` (`id_us_play`, `user_id`, `playlist_id`) VALUES (71, 18, 34);
INSERT INTO `us_play` (`id_us_play`, `user_id`, `playlist_id`) VALUES (72, 22, 24);
INSERT INTO `us_play` (`id_us_play`, `user_id`, `playlist_id`) VALUES (73, 95, 85);
INSERT INTO `us_play` (`id_us_play`, `user_id`, `playlist_id`) VALUES (74, 34, 1);
INSERT INTO `us_play` (`id_us_play`, `user_id`, `playlist_id`) VALUES (75, 74, 56);
INSERT INTO `us_play` (`id_us_play`, `user_id`, `playlist_id`) VALUES (76, 69, 45);
INSERT INTO `us_play` (`id_us_play`, `user_id`, `playlist_id`) VALUES (77, 84, 32);
INSERT INTO `us_play` (`id_us_play`, `user_id`, `playlist_id`) VALUES (78, 39, 5);
INSERT INTO `us_play` (`id_us_play`, `user_id`, `playlist_id`) VALUES (79, 13, 51);
INSERT INTO `us_play` (`id_us_play`, `user_id`, `playlist_id`) VALUES (80, 96, 65);
INSERT INTO `us_play` (`id_us_play`, `user_id`, `playlist_id`) VALUES (81, 40, 19);
INSERT INTO `us_play` (`id_us_play`, `user_id`, `playlist_id`) VALUES (82, 4, 97);
INSERT INTO `us_play` (`id_us_play`, `user_id`, `playlist_id`) VALUES (83, 97, 96);
INSERT INTO `us_play` (`id_us_play`, `user_id`, `playlist_id`) VALUES (84, 12, 39);
INSERT INTO `us_play` (`id_us_play`, `user_id`, `playlist_id`) VALUES (85, 75, 21);
INSERT INTO `us_play` (`id_us_play`, `user_id`, `playlist_id`) VALUES (86, 43, 8);
INSERT INTO `us_play` (`id_us_play`, `user_id`, `playlist_id`) VALUES (87, 81, 91);
INSERT INTO `us_play` (`id_us_play`, `user_id`, `playlist_id`) VALUES (88, 28, 1);
INSERT INTO `us_play` (`id_us_play`, `user_id`, `playlist_id`) VALUES (89, 96, 90);
INSERT INTO `us_play` (`id_us_play`, `user_id`, `playlist_id`) VALUES (90, 80, 96);
INSERT INTO `us_play` (`id_us_play`, `user_id`, `playlist_id`) VALUES (91, 10, 87);
INSERT INTO `us_play` (`id_us_play`, `user_id`, `playlist_id`) VALUES (92, 49, 50);
INSERT INTO `us_play` (`id_us_play`, `user_id`, `playlist_id`) VALUES (93, 18, 45);
INSERT INTO `us_play` (`id_us_play`, `user_id`, `playlist_id`) VALUES (94, 56, 83);
INSERT INTO `us_play` (`id_us_play`, `user_id`, `playlist_id`) VALUES (95, 52, 52);
INSERT INTO `us_play` (`id_us_play`, `user_id`, `playlist_id`) VALUES (96, 51, 27);
INSERT INTO `us_play` (`id_us_play`, `user_id`, `playlist_id`) VALUES (97, 82, 94);
INSERT INTO `us_play` (`id_us_play`, `user_id`, `playlist_id`) VALUES (98, 79, 64);
INSERT INTO `us_play` (`id_us_play`, `user_id`, `playlist_id`) VALUES (99, 40, 58);
INSERT INTO `us_play` (`id_us_play`, `user_id`, `playlist_id`) VALUES (100, 35, 71);

drop table if exists `playlist_song`;
create table if not exists `playlist_song` (
id_play_song int primary key auto_increment not null unique,
playlist_id int not null,
song_id int not null,
foreign key (`playlist_id`) references `playlist` (`id_playlist`),
foreign key (`song_id`) references `song` (`id_song`)
);

INSERT INTO `playlist_song` (`id_play_song`, `playlist_id`, `song_id`) VALUES (1, 13, 55);
INSERT INTO `playlist_song` (`id_play_song`, `playlist_id`, `song_id`) VALUES (2, 96, 5);
INSERT INTO `playlist_song` (`id_play_song`, `playlist_id`, `song_id`) VALUES (3, 49, 11);
INSERT INTO `playlist_song` (`id_play_song`, `playlist_id`, `song_id`) VALUES (4, 45, 81);
INSERT INTO `playlist_song` (`id_play_song`, `playlist_id`, `song_id`) VALUES (5, 42, 53);
INSERT INTO `playlist_song` (`id_play_song`, `playlist_id`, `song_id`) VALUES (6, 95, 65);
INSERT INTO `playlist_song` (`id_play_song`, `playlist_id`, `song_id`) VALUES (7, 58, 81);
INSERT INTO `playlist_song` (`id_play_song`, `playlist_id`, `song_id`) VALUES (8, 58, 71);
INSERT INTO `playlist_song` (`id_play_song`, `playlist_id`, `song_id`) VALUES (9, 93, 66);
INSERT INTO `playlist_song` (`id_play_song`, `playlist_id`, `song_id`) VALUES (10, 35, 35);
INSERT INTO `playlist_song` (`id_play_song`, `playlist_id`, `song_id`) VALUES (11, 84, 49);
INSERT INTO `playlist_song` (`id_play_song`, `playlist_id`, `song_id`) VALUES (12, 28, 63);
INSERT INTO `playlist_song` (`id_play_song`, `playlist_id`, `song_id`) VALUES (13, 45, 27);
INSERT INTO `playlist_song` (`id_play_song`, `playlist_id`, `song_id`) VALUES (14, 74, 20);
INSERT INTO `playlist_song` (`id_play_song`, `playlist_id`, `song_id`) VALUES (15, 60, 90);
INSERT INTO `playlist_song` (`id_play_song`, `playlist_id`, `song_id`) VALUES (16, 4, 43);
INSERT INTO `playlist_song` (`id_play_song`, `playlist_id`, `song_id`) VALUES (17, 11, 61);
INSERT INTO `playlist_song` (`id_play_song`, `playlist_id`, `song_id`) VALUES (18, 44, 100);
INSERT INTO `playlist_song` (`id_play_song`, `playlist_id`, `song_id`) VALUES (19, 33, 37);
INSERT INTO `playlist_song` (`id_play_song`, `playlist_id`, `song_id`) VALUES (20, 21, 61);
INSERT INTO `playlist_song` (`id_play_song`, `playlist_id`, `song_id`) VALUES (21, 53, 3);
INSERT INTO `playlist_song` (`id_play_song`, `playlist_id`, `song_id`) VALUES (22, 99, 33);
INSERT INTO `playlist_song` (`id_play_song`, `playlist_id`, `song_id`) VALUES (23, 97, 92);
INSERT INTO `playlist_song` (`id_play_song`, `playlist_id`, `song_id`) VALUES (24, 30, 89);
INSERT INTO `playlist_song` (`id_play_song`, `playlist_id`, `song_id`) VALUES (25, 5, 30);
INSERT INTO `playlist_song` (`id_play_song`, `playlist_id`, `song_id`) VALUES (26, 7, 85);
INSERT INTO `playlist_song` (`id_play_song`, `playlist_id`, `song_id`) VALUES (27, 93, 25);
INSERT INTO `playlist_song` (`id_play_song`, `playlist_id`, `song_id`) VALUES (28, 100, 33);
INSERT INTO `playlist_song` (`id_play_song`, `playlist_id`, `song_id`) VALUES (29, 93, 49);
INSERT INTO `playlist_song` (`id_play_song`, `playlist_id`, `song_id`) VALUES (30, 41, 18);
INSERT INTO `playlist_song` (`id_play_song`, `playlist_id`, `song_id`) VALUES (31, 72, 47);
INSERT INTO `playlist_song` (`id_play_song`, `playlist_id`, `song_id`) VALUES (32, 71, 51);
INSERT INTO `playlist_song` (`id_play_song`, `playlist_id`, `song_id`) VALUES (33, 42, 97);
INSERT INTO `playlist_song` (`id_play_song`, `playlist_id`, `song_id`) VALUES (34, 53, 64);
INSERT INTO `playlist_song` (`id_play_song`, `playlist_id`, `song_id`) VALUES (35, 49, 78);
INSERT INTO `playlist_song` (`id_play_song`, `playlist_id`, `song_id`) VALUES (36, 36, 92);
INSERT INTO `playlist_song` (`id_play_song`, `playlist_id`, `song_id`) VALUES (37, 51, 1);
INSERT INTO `playlist_song` (`id_play_song`, `playlist_id`, `song_id`) VALUES (38, 78, 76);
INSERT INTO `playlist_song` (`id_play_song`, `playlist_id`, `song_id`) VALUES (39, 42, 8);
INSERT INTO `playlist_song` (`id_play_song`, `playlist_id`, `song_id`) VALUES (40, 66, 65);
INSERT INTO `playlist_song` (`id_play_song`, `playlist_id`, `song_id`) VALUES (41, 68, 18);
INSERT INTO `playlist_song` (`id_play_song`, `playlist_id`, `song_id`) VALUES (42, 61, 75);
INSERT INTO `playlist_song` (`id_play_song`, `playlist_id`, `song_id`) VALUES (43, 39, 69);
INSERT INTO `playlist_song` (`id_play_song`, `playlist_id`, `song_id`) VALUES (44, 1, 12);
INSERT INTO `playlist_song` (`id_play_song`, `playlist_id`, `song_id`) VALUES (45, 56, 17);
INSERT INTO `playlist_song` (`id_play_song`, `playlist_id`, `song_id`) VALUES (46, 93, 100);
INSERT INTO `playlist_song` (`id_play_song`, `playlist_id`, `song_id`) VALUES (47, 7, 91);
INSERT INTO `playlist_song` (`id_play_song`, `playlist_id`, `song_id`) VALUES (48, 59, 45);
INSERT INTO `playlist_song` (`id_play_song`, `playlist_id`, `song_id`) VALUES (49, 19, 85);
INSERT INTO `playlist_song` (`id_play_song`, `playlist_id`, `song_id`) VALUES (50, 61, 62);
INSERT INTO `playlist_song` (`id_play_song`, `playlist_id`, `song_id`) VALUES (51, 78, 30);
INSERT INTO `playlist_song` (`id_play_song`, `playlist_id`, `song_id`) VALUES (52, 20, 91);
INSERT INTO `playlist_song` (`id_play_song`, `playlist_id`, `song_id`) VALUES (53, 13, 94);
INSERT INTO `playlist_song` (`id_play_song`, `playlist_id`, `song_id`) VALUES (54, 84, 80);
INSERT INTO `playlist_song` (`id_play_song`, `playlist_id`, `song_id`) VALUES (55, 51, 77);
INSERT INTO `playlist_song` (`id_play_song`, `playlist_id`, `song_id`) VALUES (56, 72, 46);
INSERT INTO `playlist_song` (`id_play_song`, `playlist_id`, `song_id`) VALUES (57, 90, 3);
INSERT INTO `playlist_song` (`id_play_song`, `playlist_id`, `song_id`) VALUES (58, 4, 57);
INSERT INTO `playlist_song` (`id_play_song`, `playlist_id`, `song_id`) VALUES (59, 75, 84);
INSERT INTO `playlist_song` (`id_play_song`, `playlist_id`, `song_id`) VALUES (60, 32, 23);
INSERT INTO `playlist_song` (`id_play_song`, `playlist_id`, `song_id`) VALUES (61, 34, 36);
INSERT INTO `playlist_song` (`id_play_song`, `playlist_id`, `song_id`) VALUES (62, 62, 86);
INSERT INTO `playlist_song` (`id_play_song`, `playlist_id`, `song_id`) VALUES (63, 49, 53);
INSERT INTO `playlist_song` (`id_play_song`, `playlist_id`, `song_id`) VALUES (64, 90, 46);
INSERT INTO `playlist_song` (`id_play_song`, `playlist_id`, `song_id`) VALUES (65, 78, 51);
INSERT INTO `playlist_song` (`id_play_song`, `playlist_id`, `song_id`) VALUES (66, 8, 62);
INSERT INTO `playlist_song` (`id_play_song`, `playlist_id`, `song_id`) VALUES (67, 12, 92);
INSERT INTO `playlist_song` (`id_play_song`, `playlist_id`, `song_id`) VALUES (68, 10, 11);
INSERT INTO `playlist_song` (`id_play_song`, `playlist_id`, `song_id`) VALUES (69, 77, 34);
INSERT INTO `playlist_song` (`id_play_song`, `playlist_id`, `song_id`) VALUES (70, 31, 93);
INSERT INTO `playlist_song` (`id_play_song`, `playlist_id`, `song_id`) VALUES (71, 56, 82);
INSERT INTO `playlist_song` (`id_play_song`, `playlist_id`, `song_id`) VALUES (72, 95, 42);
INSERT INTO `playlist_song` (`id_play_song`, `playlist_id`, `song_id`) VALUES (73, 39, 10);
INSERT INTO `playlist_song` (`id_play_song`, `playlist_id`, `song_id`) VALUES (74, 15, 74);
INSERT INTO `playlist_song` (`id_play_song`, `playlist_id`, `song_id`) VALUES (75, 82, 82);
INSERT INTO `playlist_song` (`id_play_song`, `playlist_id`, `song_id`) VALUES (76, 5, 22);
INSERT INTO `playlist_song` (`id_play_song`, `playlist_id`, `song_id`) VALUES (77, 100, 74);
INSERT INTO `playlist_song` (`id_play_song`, `playlist_id`, `song_id`) VALUES (78, 91, 89);
INSERT INTO `playlist_song` (`id_play_song`, `playlist_id`, `song_id`) VALUES (79, 75, 15);
INSERT INTO `playlist_song` (`id_play_song`, `playlist_id`, `song_id`) VALUES (80, 2, 68);
INSERT INTO `playlist_song` (`id_play_song`, `playlist_id`, `song_id`) VALUES (81, 47, 67);
INSERT INTO `playlist_song` (`id_play_song`, `playlist_id`, `song_id`) VALUES (82, 75, 56);
INSERT INTO `playlist_song` (`id_play_song`, `playlist_id`, `song_id`) VALUES (83, 9, 3);
INSERT INTO `playlist_song` (`id_play_song`, `playlist_id`, `song_id`) VALUES (84, 3, 2);
INSERT INTO `playlist_song` (`id_play_song`, `playlist_id`, `song_id`) VALUES (85, 21, 70);
INSERT INTO `playlist_song` (`id_play_song`, `playlist_id`, `song_id`) VALUES (86, 83, 31);
INSERT INTO `playlist_song` (`id_play_song`, `playlist_id`, `song_id`) VALUES (87, 48, 84);
INSERT INTO `playlist_song` (`id_play_song`, `playlist_id`, `song_id`) VALUES (88, 1, 74);
INSERT INTO `playlist_song` (`id_play_song`, `playlist_id`, `song_id`) VALUES (89, 23, 41);
INSERT INTO `playlist_song` (`id_play_song`, `playlist_id`, `song_id`) VALUES (90, 45, 77);
INSERT INTO `playlist_song` (`id_play_song`, `playlist_id`, `song_id`) VALUES (91, 69, 38);
INSERT INTO `playlist_song` (`id_play_song`, `playlist_id`, `song_id`) VALUES (92, 35, 46);
INSERT INTO `playlist_song` (`id_play_song`, `playlist_id`, `song_id`) VALUES (93, 15, 96);
INSERT INTO `playlist_song` (`id_play_song`, `playlist_id`, `song_id`) VALUES (94, 13, 82);
INSERT INTO `playlist_song` (`id_play_song`, `playlist_id`, `song_id`) VALUES (95, 43, 98);
INSERT INTO `playlist_song` (`id_play_song`, `playlist_id`, `song_id`) VALUES (96, 31, 31);
INSERT INTO `playlist_song` (`id_play_song`, `playlist_id`, `song_id`) VALUES (97, 90, 23);
INSERT INTO `playlist_song` (`id_play_song`, `playlist_id`, `song_id`) VALUES (98, 62, 3);
INSERT INTO `playlist_song` (`id_play_song`, `playlist_id`, `song_id`) VALUES (99, 58, 79);
INSERT INTO `playlist_song` (`id_play_song`, `playlist_id`, `song_id`) VALUES (100, 48, 3);













